appt_id,provider,date,day_key,block_key,start,end,dur_slots,room,column_id
W2_A0022,HPW205,2025-11-17,2025-11-17,HPW205|2025-11-17|C1,2025-11-17 09:30:00,2025-11-17 10:00:00,2,ER5,HPW205|2025-11-17|C1__init
W2_A0032,HPW206,2025-11-17,2025-11-17,HPW206|2025-11-17|C1,2025-11-17 09:30:00,2025-11-17 09:45:00,1,ER14,HPW206|2025-11-17|C1__init
W2_A0070,HPW213,2025-11-17,2025-11-17,HPW213|2025-11-17|C1,2025-11-17 09:30:00,2025-11-17 10:00:00,2,ER9,HPW213|2025-11-17|C1__init
W2_A0076,HPW216,2025-11-17,2025-11-17,HPW216|2025-11-17|C1,2025-11-17 09:30:00,2025-11-17 10:00:00,2,ER2,HPW216|2025-11-17|C1__init
W2_A0084,HPW217,2025-11-17,2025-11-17,HPW217|2025-11-17|C1,2025-11-17 09:30:00,2025-11-17 10:00:00,2,ER6,HPW217|2025-11-17|C1__init
W2_A0100,HPW217,2025-11-17,2025-11-17,HPW217|2025-11-17|C1,2025-11-17 09:30:00,2025-11-17 09:45:00,1,ER8,HPW217|2025-11-17|C1__init
W2_A0007,HPW201,2025-11-17,2025-11-17,HPW201|2025-11-17|C1,2025-11-17 09:45:00,2025-11-17 10:00:00,1,ER15,HPW201|2025-11-17|C1__init
W2_A0019,HPW201,2025-11-17,2025-11-17,HPW201|2025-11-17|C2,2025-11-17 09:45:00,2025-11-17 10:45:00,4,ER10,HPW201|2025-11-17|C2__init
W2_A0033,HPW206,2025-11-17,2025-11-17,HPW206|2025-11-17|C1,2025-11-17 09:45:00,2025-11-17 10:00:00,1,ER14,HPW206|2025-11-17|C1__init
W2_A0034,HPW206,2025-11-17,2025-11-17,HPW206|2025-11-17|C2,2025-11-17 09:45:00,2025-11-17 10:00:00,1,ER4,HPW206|2025-11-17|C2__init
W2_A0040,HPW206,2025-11-17,2025-11-17,HPW206|2025-11-17|C3,2025-11-17 09:45:00,2025-11-17 10:00:00,1,ER7,HPW206|2025-11-17|C3__init
W2_A0060,HPW208,2025-11-17,2025-11-17,HPW208|2025-11-17|C1,2025-11-17 09:45:00,2025-11-17 10:00:00,1,ER13,HPW208|2025-11-17|C1__init
W2_A0091,HPW217,2025-11-17,2025-11-17,HPW217|2025-11-17|C2,2025-11-17 09:45:00,2025-11-17 10:00:00,1,ER8,HPW217|2025-11-17|C2__init
W2_A0020,HPW205,2025-11-17,2025-11-17,HPW205|2025-11-17|C1,2025-11-17 10:00:00,2025-11-17 10:30:00,2,ER5,HPW205|2025-11-17|C1__init
W2_A0031,HPW206,2025-11-17,2025-11-17,HPW206|2025-11-17|C1,2025-11-17 10:00:00,2025-11-17 10:15:00,1,ER14,HPW206|2025-11-17|C1__init
W2_A0036,HPW206,2025-11-17,2025-11-17,HPW206|2025-11-17|C2,2025-11-17 10:00:00,2025-11-17 10:15:00,1,ER4,HPW206|2025-11-17|C2__init
W2_A0056,HPW207,2025-11-17,2025-11-17,HPW207|2025-11-17|C1,2025-11-17 10:00:00,2025-11-17 10:30:00,2,ER12,HPW207|2025-11-17|C1__init
W2_A0073,HPW213,2025-11-17,2025-11-17,HPW213|2025-11-17|C1,2025-11-17 10:00:00,2025-11-17 10:30:00,2,ER9,HPW213|2025-11-17|C1__init
W2_A0074,HPW214,2025-11-17,2025-11-17,HPW214|2025-11-17|C1,2025-11-17 10:00:00,2025-11-17 10:30:00,2,ER1,HPW214|2025-11-17|C1__init
W2_A0079,HPW216,2025-11-17,2025-11-17,HPW216|2025-11-17|C1,2025-11-17 10:00:00,2025-11-17 10:30:00,2,ER2,HPW216|2025-11-17|C1__init
W2_A0083,HPW217,2025-11-17,2025-11-17,HPW217|2025-11-17|C2,2025-11-17 10:00:00,2025-11-17 10:30:00,2,ER8,HPW217|2025-11-17|C2__init
W2_A0105,HPW217,2025-11-17,2025-11-17,HPW217|2025-11-17|C1,2025-11-17 10:00:00,2025-11-17 10:15:00,1,ER6,HPW217|2025-11-17|C1__init
W2_A0108,HPW217,2025-11-17,2025-11-17,HPW217|2025-11-17|C1,2025-11-17 10:15:00,2025-11-17 10:30:00,1,ER6,HPW217|2025-11-17|C1__init
W2_A0109,HPW217,2025-11-17,2025-11-17,HPW217|2025-11-17|C3,2025-11-17 10:15:00,2025-11-17 10:30:00,1,ER3,HPW217|2025-11-17|C3__init
W2_A0023,HPW205,2025-11-17,2025-11-17,HPW205|2025-11-17|C1,2025-11-17 10:30:00,2025-11-17 11:00:00,2,ER5,HPW205|2025-11-17|C1__init
W2_A0035,HPW206,2025-11-17,2025-11-17,HPW206|2025-11-17|C1,2025-11-17 10:30:00,2025-11-17 10:45:00,1,ER14,HPW206|2025-11-17|C1__init
W2_A0047,HPW206,2025-11-17,2025-11-17,HPW206|2025-11-17|C2,2025-11-17 10:30:00,2025-11-17 10:45:00,1,ER4,HPW206|2025-11-17|C2__init
W2_A0055,HPW207,2025-11-17,2025-11-17,HPW207|2025-11-17|C1,2025-11-17 10:30:00,2025-11-17 11:00:00,2,ER12,HPW207|2025-11-17|C1__init
W2_A0094,HPW217,2025-11-17,2025-11-17,HPW217|2025-11-17|C2,2025-11-17 10:30:00,2025-11-17 11:00:00,2,ER8,HPW217|2025-11-17|C2__init
W2_A0101,HPW217,2025-11-17,2025-11-17,HPW217|2025-11-17|C1,2025-11-17 10:30:00,2025-11-17 10:45:00,1,ER6,HPW217|2025-11-17|C1__init
W2_A0133,HPW218,2025-11-17,2025-11-17,HPW218|2025-11-17|C1,2025-11-17 10:30:00,2025-11-17 10:45:00,1,ER1,HPW218|2025-11-17|C1__init
W2_A0037,HPW206,2025-11-17,2025-11-17,HPW206|2025-11-17|C1,2025-11-17 10:45:00,2025-11-17 11:00:00,1,ER14,HPW206|2025-11-17|C1__init
W2_A0046,HPW206,2025-11-17,2025-11-17,HPW206|2025-11-17|C2,2025-11-17 10:45:00,2025-11-17 11:00:00,1,ER4,HPW206|2025-11-17|C2__init
W2_A0048,HPW206,2025-11-17,2025-11-17,HPW206|2025-11-17|C3,2025-11-17 10:45:00,2025-11-17 11:00:00,1,ER7,HPW206|2025-11-17|C3__init
W2_A0085,HPW217,2025-11-17,2025-11-17,HPW217|2025-11-17|C1,2025-11-17 10:45:00,2025-11-17 11:00:00,1,ER6,HPW217|2025-11-17|C1__init
W2_A0086,HPW217,2025-11-17,2025-11-17,HPW217|2025-11-17|C3,2025-11-17 10:45:00,2025-11-17 11:00:00,1,ER3,HPW217|2025-11-17|C3__init
W2_A0098,HPW217,2025-11-17,2025-11-17,HPW217|2025-11-17|C4,2025-11-17 10:45:00,2025-11-17 11:00:00,1,ER11,HPW217|2025-11-17|C4__init
W2_A0117,HPW218,2025-11-17,2025-11-17,HPW218|2025-11-17|C1,2025-11-17 10:45:00,2025-11-17 11:00:00,1,ER1,HPW218|2025-11-17|C1__init
W2_A0005,HPW201,2025-11-17,2025-11-17,HPW201|2025-11-17|C1,2025-11-17 11:00:00,2025-11-17 11:15:00,1,ER15,HPW201|2025-11-17|C1__init
W2_A0008,HPW201,2025-11-17,2025-11-17,HPW201|2025-11-17|C2,2025-11-17 11:00:00,2025-11-17 11:15:00,1,ER10,HPW201|2025-11-17|C2__init
W2_A0029,HPW206,2025-11-17,2025-11-17,HPW206|2025-11-17|C1,2025-11-17 11:00:00,2025-11-17 11:15:00,1,ER14,HPW206|2025-11-17|C1__init
W2_A0038,HPW206,2025-11-17,2025-11-17,HPW206|2025-11-17|C2,2025-11-17 11:00:00,2025-11-17 11:15:00,1,ER4,HPW206|2025-11-17|C2__init
W2_A0054,HPW207,2025-11-17,2025-11-17,HPW207|2025-11-17|C1,2025-11-17 11:00:00,2025-11-17 11:30:00,2,ER12,HPW207|2025-11-17|C1__init
W2_A0058,HPW208,2025-11-17,2025-11-17,HPW208|2025-11-17|C1,2025-11-17 11:00:00,2025-11-17 11:30:00,2,ER13,HPW208|2025-11-17|C1__init
W2_A0078,HPW216,2025-11-17,2025-11-17,HPW216|2025-11-17|C1,2025-11-17 11:00:00,2025-11-17 11:30:00,2,ER2,HPW216|2025-11-17|C1__init
W2_A0099,HPW217,2025-11-17,2025-11-17,HPW217|2025-11-17|C1,2025-11-17 11:00:00,2025-11-17 11:30:00,2,ER6,HPW217|2025-11-17|C1__init
W2_A0122,HPW218,2025-11-17,2025-11-17,HPW218|2025-11-17|C2,2025-11-17 11:00:00,2025-11-17 11:15:00,1,ER11,HPW218|2025-11-17|C2__init
W2_A0131,HPW218,2025-11-17,2025-11-17,HPW218|2025-11-17|C1,2025-11-17 11:00:00,2025-11-17 11:15:00,1,ER1,HPW218|2025-11-17|C1__init
W2_A0003,HPW201,2025-11-17,2025-11-17,HPW201|2025-11-17|C1,2025-11-17 11:15:00,2025-11-17 11:30:00,1,ER15,HPW201|2025-11-17|C1__init
W2_A0009,HPW201,2025-11-17,2025-11-17,HPW201|2025-11-17|C2,2025-11-17 11:15:00,2025-11-17 11:30:00,1,ER10,HPW201|2025-11-17|C2__init
W2_A0039,HPW206,2025-11-17,2025-11-17,HPW206|2025-11-17|C1,2025-11-17 11:15:00,2025-11-17 11:30:00,1,ER14,HPW206|2025-11-17|C1__init
W2_A0049,HPW206,2025-11-17,2025-11-17,HPW206|2025-11-17|C2,2025-11-17 11:15:00,2025-11-17 11:30:00,1,ER4,HPW206|2025-11-17|C2__init
W2_A0132,HPW218,2025-11-17,2025-11-17,HPW218|2025-11-17|C1,2025-11-17 11:15:00,2025-11-17 11:30:00,1,ER1,HPW218|2025-11-17|C1__init
W2_A0014,HPW201,2025-11-17,2025-11-17,HPW201|2025-11-17|C1,2025-11-17 13:00:00,2025-11-17 13:15:00,1,ER15,HPW201|2025-11-17|C1__init
W2_A0015,HPW201,2025-11-17,2025-11-17,HPW201|2025-11-17|C2,2025-11-17 13:00:00,2025-11-17 13:15:00,1,ER10,HPW201|2025-11-17|C2__init
W2_A0064,HPW212,2025-11-17,2025-11-17,HPW212|2025-11-17|C1,2025-11-17 13:00:00,2025-11-17 13:15:00,1,ER16,HPW212|2025-11-17|C1__init
W2_A0069,HPW213,2025-11-17,2025-11-17,HPW213|2025-11-17|C1,2025-11-17 13:00:00,2025-11-17 13:30:00,2,ER9,HPW213|2025-11-17|C1__init
W2_A0102,HPW217,2025-11-17,2025-11-17,HPW217|2025-11-17|C1,2025-11-17 13:00:00,2025-11-17 13:30:00,2,ER6,HPW217|2025-11-17|C1__init
W2_A0111,HPW217,2025-11-17,2025-11-17,HPW217|2025-11-17|C2,2025-11-17 13:00:00,2025-11-17 13:15:00,1,ER8,HPW217|2025-11-17|C2__init
W2_A0113,HPW217,2025-11-17,2025-11-17,HPW217|2025-11-17|C3,2025-11-17 13:00:00,2025-11-17 13:15:00,1,ER3,HPW217|2025-11-17|C3__init
W2_A0129,HPW218,2025-11-17,2025-11-17,HPW218|2025-11-17|C1,2025-11-17 13:00:00,2025-11-17 13:15:00,1,ER1,HPW218|2025-11-17|C1__init
W2_A0012,HPW201,2025-11-17,2025-11-17,HPW201|2025-11-17|C2,2025-11-17 13:15:00,2025-11-17 13:45:00,2,ER10,HPW201|2025-11-17|C2__init
W2_A0013,HPW201,2025-11-17,2025-11-17,HPW201|2025-11-17|C1,2025-11-17 13:15:00,2025-11-17 13:30:00,1,ER15,HPW201|2025-11-17|C1__init
W2_A0065,HPW212,2025-11-17,2025-11-17,HPW212|2025-11-17|C1,2025-11-17 13:15:00,2025-11-17 13:30:00,1,ER16,HPW212|2025-11-17|C1__init
W2_A0120,HPW218,2025-11-17,2025-11-17,HPW218|2025-11-17|C1,2025-11-17 13:15:00,2025-11-17 13:30:00,1,ER1,HPW218|2025-11-17|C1__init
W2_A0004,HPW201,2025-11-17,2025-11-17,HPW201|2025-11-17|C1,2025-11-17 13:30:00,2025-11-17 13:45:00,1,ER15,HPW201|2025-11-17|C1__init
W2_A0028,HPW206,2025-11-17,2025-11-17,HPW206|2025-11-17|C1,2025-11-17 13:30:00,2025-11-17 13:45:00,1,ER14,HPW206|2025-11-17|C1__init
W2_A0107,HPW217,2025-11-17,2025-11-17,HPW217|2025-11-17|C2,2025-11-17 13:30:00,2025-11-17 13:45:00,1,ER8,HPW217|2025-11-17|C2__init
W2_A0110,HPW217,2025-11-17,2025-11-17,HPW217|2025-11-17|C1,2025-11-17 13:30:00,2025-11-17 13:45:00,1,ER6,HPW217|2025-11-17|C1__init
W2_A0123,HPW218,2025-11-17,2025-11-17,HPW218|2025-11-17|C1,2025-11-17 13:30:00,2025-11-17 13:45:00,1,ER1,HPW218|2025-11-17|C1__init
W2_A0011,HPW201,2025-11-17,2025-11-17,HPW201|2025-11-17|C1,2025-11-17 13:45:00,2025-11-17 14:15:00,2,ER15,HPW201|2025-11-17|C1__init
W2_A0112,HPW217,2025-11-17,2025-11-17,HPW217|2025-11-17|C1,2025-11-17 13:45:00,2025-11-17 14:00:00,1,ER6,HPW217|2025-11-17|C1__init
W2_A0124,HPW218,2025-11-17,2025-11-17,HPW218|2025-11-17|C1,2025-11-17 13:45:00,2025-11-17 14:00:00,1,ER1,HPW218|2025-11-17|C1__init
W2_A0041,HPW206,2025-11-17,2025-11-17,HPW206|2025-11-17|C1,2025-11-17 14:00:00,2025-11-17 14:30:00,2,ER14,HPW206|2025-11-17|C1__init
W2_A0066,HPW212,2025-11-17,2025-11-17,HPW212|2025-11-17|C1,2025-11-17 14:00:00,2025-11-17 14:15:00,1,ER16,HPW212|2025-11-17|C1__init
W2_A0077,HPW216,2025-11-17,2025-11-17,HPW216|2025-11-17|C1,2025-11-17 14:00:00,2025-11-17 14:30:00,2,ER2,HPW216|2025-11-17|C1__init
W2_A0097,HPW217,2025-11-17,2025-11-17,HPW217|2025-11-17|C2,2025-11-17 14:00:00,2025-11-17 14:15:00,1,ER8,HPW217|2025-11-17|C2__init
W2_A0114,HPW217,2025-11-17,2025-11-17,HPW217|2025-11-17|C1,2025-11-17 14:00:00,2025-11-17 14:15:00,1,ER6,HPW217|2025-11-17|C1__init
W2_A0125,HPW218,2025-11-17,2025-11-17,HPW218|2025-11-17|C1,2025-11-17 14:00:00,2025-11-17 14:15:00,1,ER1,HPW218|2025-11-17|C1__init
W2_A0001,HPW201,2025-11-17,2025-11-17,HPW201|2025-11-17|C1,2025-11-17 14:15:00,2025-11-17 14:45:00,2,ER15,HPW201|2025-11-17|C1__init
W2_A0093,HPW217,2025-11-17,2025-11-17,HPW217|2025-11-17|C1,2025-11-17 14:15:00,2025-11-17 14:30:00,1,ER6,HPW217|2025-11-17|C1__init
W2_A0127,HPW218,2025-11-17,2025-11-17,HPW218|2025-11-17|C1,2025-11-17 14:15:00,2025-11-17 14:30:00,1,ER1,HPW218|2025-11-17|C1__init
W2_A0042,HPW206,2025-11-17,2025-11-17,HPW206|2025-11-17|C1,2025-11-17 14:30:00,2025-11-17 14:45:00,1,ER14,HPW206|2025-11-17|C1__init
W2_A0057,HPW207,2025-11-17,2025-11-17,HPW207|2025-11-17|C1,2025-11-17 14:30:00,2025-11-17 15:00:00,2,ER12,HPW207|2025-11-17|C1__init
W2_A0063,HPW212,2025-11-17,2025-11-17,HPW212|2025-11-17|C1,2025-11-17 14:30:00,2025-11-17 15:00:00,2,ER16,HPW212|2025-11-17|C1__init
W2_A0072,HPW213,2025-11-17,2025-11-17,HPW213|2025-11-17|C1,2025-11-17 14:30:00,2025-11-17 15:00:00,2,ER9,HPW213|2025-11-17|C1__init
W2_A0075,HPW216,2025-11-17,2025-11-17,HPW216|2025-11-17|C1,2025-11-17 14:30:00,2025-11-17 15:30:00,4,ER2,HPW216|2025-11-17|C1__init
W2_A0088,HPW217,2025-11-17,2025-11-17,HPW217|2025-11-17|C1,2025-11-17 14:30:00,2025-11-17 14:45:00,1,ER6,HPW217|2025-11-17|C1__init
W2_A0126,HPW218,2025-11-17,2025-11-17,HPW218|2025-11-17|C1,2025-11-17 14:30:00,2025-11-17 14:45:00,1,ER1,HPW218|2025-11-17|C1__init
W2_A0002,HPW201,2025-11-17,2025-11-17,HPW201|2025-11-17|C1,2025-11-17 14:45:00,2025-11-17 15:00:00,1,ER15,HPW201|2025-11-17|C1__init
W2_A0044,HPW206,2025-11-17,2025-11-17,HPW206|2025-11-17|C1,2025-11-17 14:45:00,2025-11-17 15:00:00,1,ER14,HPW206|2025-11-17|C1__init
W2_A0116,HPW217,2025-11-17,2025-11-17,HPW217|2025-11-17|C1,2025-11-17 14:45:00,2025-11-17 15:00:00,1,ER6,HPW217|2025-11-17|C1__init
W2_A0119,HPW218,2025-11-17,2025-11-17,HPW218|2025-11-17|C1,2025-11-17 14:45:00,2025-11-17 15:00:00,1,ER1,HPW218|2025-11-17|C1__init
W2_A0006,HPW201,2025-11-17,2025-11-17,HPW201|2025-11-17|C1,2025-11-17 15:00:00,2025-11-17 15:15:00,1,ER15,HPW201|2025-11-17|C1__init
W2_A0021,HPW205,2025-11-17,2025-11-17,HPW205|2025-11-17|C1,2025-11-17 15:00:00,2025-11-17 15:30:00,2,ER5,HPW205|2025-11-17|C1__init
W2_A0053,HPW207,2025-11-17,2025-11-17,HPW207|2025-11-17|C1,2025-11-17 15:00:00,2025-11-17 15:30:00,2,ER12,HPW207|2025-11-17|C1__init
W2_A0061,HPW212,2025-11-17,2025-11-17,HPW212|2025-11-17|C1,2025-11-17 15:00:00,2025-11-17 15:30:00,2,ER16,HPW212|2025-11-17|C1__init
W2_A0071,HPW213,2025-11-17,2025-11-17,HPW213|2025-11-17|C1,2025-11-17 15:00:00,2025-11-17 15:30:00,2,ER9,HPW213|2025-11-17|C1__init
W2_A0089,HPW217,2025-11-17,2025-11-17,HPW217|2025-11-17|C1,2025-11-17 15:00:00,2025-11-17 15:15:00,1,ER6,HPW217|2025-11-17|C1__init
W2_A0096,HPW217,2025-11-17,2025-11-17,HPW217|2025-11-17|C2,2025-11-17 15:00:00,2025-11-17 15:15:00,1,ER8,HPW217|2025-11-17|C2__init
W2_A0118,HPW218,2025-11-17,2025-11-17,HPW218|2025-11-17|C1,2025-11-17 15:00:00,2025-11-17 15:15:00,1,ER1,HPW218|2025-11-17|C1__init
W2_A0130,HPW218,2025-11-17,2025-11-17,HPW218|2025-11-17|C2,2025-11-17 15:00:00,2025-11-17 15:15:00,1,ER11,HPW218|2025-11-17|C2__init
W2_A0017,HPW201,2025-11-17,2025-11-17,HPW201|2025-11-17|C2,2025-11-17 15:15:00,2025-11-17 15:45:00,2,ER10,HPW201|2025-11-17|C2__init
W2_A0018,HPW201,2025-11-17,2025-11-17,HPW201|2025-11-17|C1,2025-11-17 15:15:00,2025-11-17 15:45:00,2,ER15,HPW201|2025-11-17|C1__init
W2_A0043,HPW206,2025-11-17,2025-11-17,HPW206|2025-11-17|C1,2025-11-17 15:15:00,2025-11-17 15:30:00,1,ER14,HPW206|2025-11-17|C1__init
W2_A0059,HPW208,2025-11-17,2025-11-17,HPW208|2025-11-17|C1,2025-11-17 15:15:00,2025-11-17 15:30:00,1,ER13,HPW208|2025-11-17|C1__init
W2_A0082,HPW217,2025-11-17,2025-11-17,HPW217|2025-11-17|C1,2025-11-17 15:15:00,2025-11-17 15:30:00,1,ER6,HPW217|2025-11-17|C1__init
W2_A0090,HPW217,2025-11-17,2025-11-17,HPW217|2025-11-17|C2,2025-11-17 15:15:00,2025-11-17 15:30:00,1,ER8,HPW217|2025-11-17|C2__init
W2_A0095,HPW217,2025-11-17,2025-11-17,HPW217|2025-11-17|C3,2025-11-17 15:15:00,2025-11-17 15:30:00,1,ER3,HPW217|2025-11-17|C3__init
W2_A0128,HPW218,2025-11-17,2025-11-17,HPW218|2025-11-17|C1,2025-11-17 15:15:00,2025-11-17 15:30:00,1,ER1,HPW218|2025-11-17|C1__init
W2_A0134,HPW221,2025-11-17,2025-11-17,HPW221|2025-11-17|C1,2025-11-17 15:15:00,2025-11-17 15:30:00,1,ER11,HPW221|2025-11-17|C1__init
W2_A0045,HPW206,2025-11-17,2025-11-17,HPW206|2025-11-17|C1,2025-11-17 15:30:00,2025-11-17 15:45:00,1,ER14,HPW206|2025-11-17|C1__init
W2_A0050,HPW206,2025-11-17,2025-11-17,HPW206|2025-11-17|C2,2025-11-17 15:30:00,2025-11-17 15:45:00,1,ER4,HPW206|2025-11-17|C2__init
W2_A0062,HPW212,2025-11-17,2025-11-17,HPW212|2025-11-17|C1,2025-11-17 15:30:00,2025-11-17 15:45:00,1,ER16,HPW212|2025-11-17|C1__init
W2_A0068,HPW213,2025-11-17,2025-11-17,HPW213|2025-11-17|C1,2025-11-17 15:30:00,2025-11-17 16:00:00,2,ER9,HPW213|2025-11-17|C1__init
W2_A0080,HPW216,2025-11-17,2025-11-17,HPW216|2025-11-17|C1,2025-11-17 15:30:00,2025-11-17 16:00:00,2,ER2,HPW216|2025-11-17|C1__init
W2_A0087,HPW217,2025-11-17,2025-11-17,HPW217|2025-11-17|C1,2025-11-17 15:30:00,2025-11-17 15:45:00,1,ER12,HPW217|2025-11-17|C1__init
W2_A0092,HPW217,2025-11-17,2025-11-17,HPW217|2025-11-17|C2,2025-11-17 15:30:00,2025-11-17 15:45:00,1,ER8,HPW217|2025-11-17|C2__init
W2_A0106,HPW217,2025-11-17,2025-11-17,HPW217|2025-11-17|C3,2025-11-17 15:30:00,2025-11-17 15:45:00,1,ER3,HPW217|2025-11-17|C3__init
W2_A0136,HPW222,2025-11-17,2025-11-17,HPW222|2025-11-17|C1,2025-11-17 15:30:00,2025-11-17 16:15:00,3,ER13,HPW222|2025-11-17|C1__init
W2_A0137,HPW222,2025-11-17,2025-11-17,HPW222|2025-11-17|C1,2025-11-17 15:30:00,2025-11-17 16:00:00,2,ER11,HPW222|2025-11-17|C1__init
W2_A0138,HPW222,2025-11-17,2025-11-17,HPW222|2025-11-17|C1,2025-11-17 15:30:00,2025-11-17 16:00:00,2,ER5,HPW222|2025-11-17|C1__init
W2_A0010,HPW201,2025-11-17,2025-11-17,HPW201|2025-11-17|C2,2025-11-17 15:45:00,2025-11-17 16:00:00,1,ER10,HPW201|2025-11-17|C2__init
W2_A0016,HPW201,2025-11-17,2025-11-17,HPW201|2025-11-17|C1,2025-11-17 15:45:00,2025-11-17 16:15:00,2,ER15,HPW201|2025-11-17|C1__init
W2_A0024,HPW206,2025-11-17,2025-11-17,HPW206|2025-11-17|C1,2025-11-17 15:45:00,2025-11-17 16:00:00,1,ER14,HPW206|2025-11-17|C1__init
W2_A0051,HPW206,2025-11-17,2025-11-17,HPW206|2025-11-17|C2,2025-11-17 15:45:00,2025-11-17 16:00:00,1,ER4,HPW206|2025-11-17|C2__init
W2_A0052,HPW206,2025-11-17,2025-11-17,HPW206|2025-11-17|C3,2025-11-17 15:45:00,2025-11-17 16:00:00,1,ER7,HPW206|2025-11-17|C3__init
W2_A0067,HPW212,2025-11-17,2025-11-17,HPW212|2025-11-17|C1,2025-11-17 15:45:00,2025-11-17 16:00:00,1,ER16,HPW212|2025-11-17|C1__init
W2_A0081,HPW217,2025-11-17,2025-11-17,HPW217|2025-11-17|C1,2025-11-17 15:45:00,2025-11-17 16:00:00,1,ER12,HPW217|2025-11-17|C1__init
W2_A0115,HPW217,2025-11-17,2025-11-17,HPW217|2025-11-17|C2,2025-11-17 15:45:00,2025-11-17 16:00:00,1,ER8,HPW217|2025-11-17|C2__init
W2_A0121,HPW218,2025-11-17,2025-11-17,HPW218|2025-11-17|C1,2025-11-17 15:45:00,2025-11-17 16:00:00,1,ER1,HPW218|2025-11-17|C1__init
W2_A0141,HPW223,2025-11-17,2025-11-17,HPW223|2025-11-17|C1,2025-11-17 15:45:00,2025-11-17 16:00:00,1,ER6,HPW223|2025-11-17|C1__init
W2_A0030,HPW206,2025-11-17,2025-11-17,HPW206|2025-11-17|C1,2025-11-17 16:00:00,2025-11-17 16:15:00,1,ER14,HPW206|2025-11-17|C1__init
W2_A0104,HPW217,2025-11-17,2025-11-17,HPW217|2025-11-17|C1,2025-11-17 16:00:00,2025-11-17 16:15:00,1,ER12,HPW217|2025-11-17|C1__init
W2_A0135,HPW222,2025-11-17,2025-11-17,HPW222|2025-11-17|C1,2025-11-17 16:00:00,2025-11-17 16:30:00,2,ER3,HPW222|2025-11-17|C1__init
W2_A0139,HPW222,2025-11-17,2025-11-17,HPW222|2025-11-17|C1,2025-11-17 16:00:00,2025-11-17 16:30:00,2,ER5,HPW222|2025-11-17|C1__init
W2_A0025,HPW206,2025-11-17,2025-11-17,HPW206|2025-11-17|C1,2025-11-17 16:15:00,2025-11-17 16:30:00,1,ER14,HPW206|2025-11-17|C1__init
W2_A0026,HPW206,2025-11-17,2025-11-17,HPW206|2025-11-17|C2,2025-11-17 16:15:00,2025-11-17 16:30:00,1,ER4,HPW206|2025-11-17|C2__init
W2_A0027,HPW206,2025-11-17,2025-11-17,HPW206|2025-11-17|C3,2025-11-17 16:15:00,2025-11-17 16:30:00,1,ER7,HPW206|2025-11-17|C3__init
W2_A0103,HPW217,2025-11-17,2025-11-17,HPW217|2025-11-17|C1,2025-11-17 16:15:00,2025-11-17 16:30:00,1,ER12,HPW217|2025-11-17|C1__init
W2_A0140,HPW222,2025-11-17,2025-11-17,HPW222|2025-11-17|C1,2025-11-17 16:15:00,2025-11-17 16:30:00,1,ER13,HPW222|2025-11-17|C1__init
W2_A0161,HPW202,2025-11-18,2025-11-18,HPW202|2025-11-18|C1,2025-11-18 09:30:00,2025-11-18 10:30:00,4,ER15,HPW202|2025-11-18|C1__init
W2_A0185,HPW204,2025-11-18,2025-11-18,HPW204|2025-11-18|C1,2025-11-18 09:30:00,2025-11-18 10:00:00,2,ER2,HPW204|2025-11-18|C1__init
W2_A0186,HPW204,2025-11-18,2025-11-18,HPW204|2025-11-18|C1,2025-11-18 09:30:00,2025-11-18 10:00:00,2,ER7,HPW204|2025-11-18|C1__init
W2_A0193,HPW205,2025-11-18,2025-11-18,HPW205|2025-11-18|C1,2025-11-18 09:30:00,2025-11-18 10:15:00,3,ER5,HPW205|2025-11-18|C1__init
W2_A0198,HPW206,2025-11-18,2025-11-18,HPW206|2025-11-18|C1,2025-11-18 09:30:00,2025-11-18 09:45:00,1,ER4,HPW206|2025-11-18|C1__init
W2_A0215,HPW210,2025-11-18,2025-11-18,HPW210|2025-11-18|C1,2025-11-18 09:30:00,2025-11-18 10:00:00,2,ER8,HPW210|2025-11-18|C1__init
W2_A0157,HPW201,2025-11-18,2025-11-18,HPW201|2025-11-18|C1,2025-11-18 09:45:00,2025-11-18 10:15:00,2,ER1,HPW201|2025-11-18|C1__init
W2_A0175,HPW203,2025-11-18,2025-11-18,HPW203|2025-11-18|C1,2025-11-18 09:45:00,2025-11-18 10:00:00,1,ER12,HPW203|2025-11-18|C1__init
W2_A0177,HPW203,2025-11-18,2025-11-18,HPW203|2025-11-18|C2,2025-11-18 09:45:00,2025-11-18 10:00:00,1,ER13,HPW203|2025-11-18|C2__init
W2_A0201,HPW206,2025-11-18,2025-11-18,HPW206|2025-11-18|C1,2025-11-18 09:45:00,2025-11-18 10:00:00,1,ER4,HPW206|2025-11-18|C1__init
W2_A0214,HPW210,2025-11-18,2025-11-18,HPW210|2025-11-18|C1,2025-11-18 09:45:00,2025-11-18 10:00:00,1,ER6,HPW210|2025-11-18|C1__init
W2_A0158,HPW201,2025-11-18,2025-11-18,HPW201|2025-11-18|C2,2025-11-18 10:00:00,2025-11-18 10:30:00,2,ER10,HPW201|2025-11-18|C2__init
W2_A0174,HPW203,2025-11-18,2025-11-18,HPW203|2025-11-18|C1,2025-11-18 10:00:00,2025-11-18 10:15:00,1,ER12,HPW203|2025-11-18|C1__init
W2_A0184,HPW204,2025-11-18,2025-11-18,HPW204|2025-11-18|C1,2025-11-18 10:00:00,2025-11-18 10:30:00,2,ER2,HPW204|2025-11-18|C1__init
W2_A0202,HPW206,2025-11-18,2025-11-18,HPW206|2025-11-18|C1,2025-11-18 10:00:00,2025-11-18 11:00:00,4,ER4,HPW206|2025-11-18|C1__init
W2_A0212,HPW210,2025-11-18,2025-11-18,HPW210|2025-11-18|C1,2025-11-18 10:00:00,2025-11-18 10:30:00,2,ER6,HPW210|2025-11-18|C1__init
W2_A0178,HPW203,2025-11-18,2025-11-18,HPW203|2025-11-18|C1,2025-11-18 10:15:00,2025-11-18 10:30:00,1,ER12,HPW203|2025-11-18|C1__init
W2_A0196,HPW206,2025-11-18,2025-11-18,HPW206|2025-11-18|C2,2025-11-18 10:15:00,2025-11-18 10:30:00,1,ER7,HPW206|2025-11-18|C2__init
W2_A0147,HPW201,2025-11-18,2025-11-18,HPW201|2025-11-18|C1,2025-11-18 10:30:00,2025-11-18 10:45:00,1,ER1,HPW201|2025-11-18|C1__init
W2_A0149,HPW201,2025-11-18,2025-11-18,HPW201|2025-11-18|C2,2025-11-18 10:30:00,2025-11-18 10:45:00,1,ER10,HPW201|2025-11-18|C2__init
W2_A0163,HPW202,2025-11-18,2025-11-18,HPW202|2025-11-18|C1,2025-11-18 10:30:00,2025-11-18 10:45:00,1,ER15,HPW202|2025-11-18|C1__init
W2_A0172,HPW203,2025-11-18,2025-11-18,HPW203|2025-11-18|C1,2025-11-18 10:30:00,2025-11-18 10:45:00,1,ER12,HPW203|2025-11-18|C1__init
W2_A0182,HPW204,2025-11-18,2025-11-18,HPW204|2025-11-18|C2,2025-11-18 10:30:00,2025-11-18 11:00:00,2,ER14,HPW204|2025-11-18|C2__init
W2_A0188,HPW204,2025-11-18,2025-11-18,HPW204|2025-11-18|C1,2025-11-18 10:30:00,2025-11-18 10:45:00,1,ER2,HPW204|2025-11-18|C1__init
W2_A0199,HPW206,2025-11-18,2025-11-18,HPW206|2025-11-18|C2,2025-11-18 10:30:00,2025-11-18 10:45:00,1,ER7,HPW206|2025-11-18|C2__init
W2_A0204,HPW207,2025-11-18,2025-11-18,HPW207|2025-11-18|C1,2025-11-18 10:30:00,2025-11-18 10:45:00,1,ER9,HPW207|2025-11-18|C1__init
W2_A0208,HPW207,2025-11-18,2025-11-18,HPW207|2025-11-18|C2,2025-11-18 10:30:00,2025-11-18 11:00:00,2,ER16,HPW207|2025-11-18|C2__init
W2_A0220,HPW212,2025-11-18,2025-11-18,HPW212|2025-11-18|C1,2025-11-18 10:30:00,2025-11-18 11:00:00,2,ER8,HPW212|2025-11-18|C1__init
W2_A0142,HPW201,2025-11-18,2025-11-18,HPW201|2025-11-18|C1,2025-11-18 10:45:00,2025-11-18 11:00:00,1,ER1,HPW201|2025-11-18|C1__init
W2_A0143,HPW201,2025-11-18,2025-11-18,HPW201|2025-11-18|C2,2025-11-18 10:45:00,2025-11-18 11:00:00,1,ER10,HPW201|2025-11-18|C2__init
W2_A0173,HPW203,2025-11-18,2025-11-18,HPW203|2025-11-18|C1,2025-11-18 10:45:00,2025-11-18 11:00:00,1,ER12,HPW203|2025-11-18|C1__init
W2_A0194,HPW205,2025-11-18,2025-11-18,HPW205|2025-11-18|C1,2025-11-18 10:45:00,2025-11-18 11:15:00,2,ER5,HPW205|2025-11-18|C1__init
W2_A0229,HPW214,2025-11-18,2025-11-18,HPW214|2025-11-18|C1,2025-11-18 10:45:00,2025-11-18 11:15:00,2,ER7,HPW214|2025-11-18|C1__init
W2_A0144,HPW201,2025-11-18,2025-11-18,HPW201|2025-11-18|C1,2025-11-18 11:00:00,2025-11-18 11:15:00,1,ER1,HPW201|2025-11-18|C1__init
W2_A0145,HPW201,2025-11-18,2025-11-18,HPW201|2025-11-18|C2,2025-11-18 11:00:00,2025-11-18 11:15:00,1,ER10,HPW201|2025-11-18|C2__init
W2_A0165,HPW202,2025-11-18,2025-11-18,HPW202|2025-11-18|C1,2025-11-18 11:00:00,2025-11-18 11:15:00,1,ER15,HPW202|2025-11-18|C1__init
W2_A0168,HPW203,2025-11-18,2025-11-18,HPW203|2025-11-18|C1,2025-11-18 11:00:00,2025-11-18 11:15:00,1,ER12,HPW203|2025-11-18|C1__init
W2_A0170,HPW203,2025-11-18,2025-11-18,HPW203|2025-11-18|C2,2025-11-18 11:00:00,2025-11-18 11:15:00,1,ER13,HPW203|2025-11-18|C2__init
W2_A0187,HPW204,2025-11-18,2025-11-18,HPW204|2025-11-18|C1,2025-11-18 11:00:00,2025-11-18 11:15:00,1,ER2,HPW204|2025-11-18|C1__init
W2_A0197,HPW206,2025-11-18,2025-11-18,HPW206|2025-11-18|C1,2025-11-18 11:00:00,2025-11-18 11:15:00,1,ER4,HPW206|2025-11-18|C1__init
W2_A0205,HPW207,2025-11-18,2025-11-18,HPW207|2025-11-18|C1,2025-11-18 11:00:00,2025-11-18 11:30:00,2,ER9,HPW207|2025-11-18|C1__init
W2_A0218,HPW210,2025-11-18,2025-11-18,HPW210|2025-11-18|C1,2025-11-18 11:00:00,2025-11-18 11:30:00,2,ER6,HPW210|2025-11-18|C1__init
W2_A0221,HPW212,2025-11-18,2025-11-18,HPW212|2025-11-18|C1,2025-11-18 11:00:00,2025-11-18 11:30:00,2,ER16,HPW212|2025-11-18|C1__init
W2_A0232,HPW216,2025-11-18,2025-11-18,HPW216|2025-11-18|C1,2025-11-18 11:00:00,2025-11-18 11:15:00,1,ER8,HPW216|2025-11-18|C1__init
W2_A0146,HPW201,2025-11-18,2025-11-18,HPW201|2025-11-18|C1,2025-11-18 11:15:00,2025-11-18 11:30:00,1,ER1,HPW201|2025-11-18|C1__init
W2_A0148,HPW201,2025-11-18,2025-11-18,HPW201|2025-11-18|C2,2025-11-18 11:15:00,2025-11-18 11:30:00,1,ER10,HPW201|2025-11-18|C2__init
W2_A0169,HPW203,2025-11-18,2025-11-18,HPW203|2025-11-18|C1,2025-11-18 11:15:00,2025-11-18 11:30:00,1,ER12,HPW203|2025-11-18|C1__init
W2_A0176,HPW203,2025-11-18,2025-11-18,HPW203|2025-11-18|C2,2025-11-18 11:15:00,2025-11-18 11:30:00,1,ER13,HPW203|2025-11-18|C2__init
W2_A0179,HPW204,2025-11-18,2025-11-18,HPW204|2025-11-18|C1,2025-11-18 11:15:00,2025-11-18 11:30:00,1,ER2,HPW204|2025-11-18|C1__init
W2_A0200,HPW206,2025-11-18,2025-11-18,HPW206|2025-11-18|C1,2025-11-18 11:15:00,2025-11-18 11:30:00,1,ER4,HPW206|2025-11-18|C1__init
W2_A0159,HPW201,2025-11-18,2025-11-18,HPW201|2025-11-18|C1,2025-11-18 13:00:00,2025-11-18 13:30:00,2,ER1,HPW201|2025-11-18|C1__init
W2_A0160,HPW201,2025-11-18,2025-11-18,HPW201|2025-11-18|C2,2025-11-18 13:00:00,2025-11-18 13:30:00,2,ER10,HPW201|2025-11-18|C2__init
W2_A0162,HPW202,2025-11-18,2025-11-18,HPW202|2025-11-18|C1,2025-11-18 13:00:00,2025-11-18 14:00:00,4,ER15,HPW202|2025-11-18|C1__init
W2_A0166,HPW202,2025-11-18,2025-11-18,HPW202|2025-11-18|C2,2025-11-18 13:00:00,2025-11-18 14:00:00,4,ER3,HPW202|2025-11-18|C2__init
W2_A0171,HPW203,2025-11-18,2025-11-18,HPW203|2025-11-18|C1,2025-11-18 13:00:00,2025-11-18 13:15:00,1,ER12,HPW203|2025-11-18|C1__init
W2_A0190,HPW204,2025-11-18,2025-11-18,HPW204|2025-11-18|C1,2025-11-18 13:00:00,2025-11-18 13:15:00,1,ER2,HPW204|2025-11-18|C1__init
W2_A0203,HPW206,2025-11-18,2025-11-18,HPW206|2025-11-18|C1,2025-11-18 13:00:00,2025-11-18 13:15:00,1,ER4,HPW206|2025-11-18|C1__init
W2_A0213,HPW210,2025-11-18,2025-11-18,HPW210|2025-11-18|C1,2025-11-18 13:00:00,2025-11-18 13:30:00,2,ER6,HPW210|2025-11-18|C1__init
W2_A0228,HPW214,2025-11-18,2025-11-18,HPW214|2025-11-18|C1,2025-11-18 13:00:00,2025-11-18 13:30:00,2,ER7,HPW214|2025-11-18|C1__init
W2_A0233,HPW216,2025-11-18,2025-11-18,HPW216|2025-11-18|C1,2025-11-18 13:00:00,2025-11-18 13:15:00,1,ER8,HPW216|2025-11-18|C1__init
W2_A0235,HPW217,2025-11-18,2025-11-18,HPW217|2025-11-18|C1,2025-11-18 13:00:00,2025-11-18 13:15:00,1,ER13,HPW217|2025-11-18|C1__init
W2_A0224,HPW213,2025-11-18,2025-11-18,HPW213|2025-11-18|C1,2025-11-18 13:15:00,2025-11-18 13:30:00,1,ER9,HPW213|2025-11-18|C1__init
W2_A0252,HPW217,2025-11-18,2025-11-18,HPW217|2025-11-18|C1,2025-11-18 13:15:00,2025-11-18 13:30:00,1,ER13,HPW217|2025-11-18|C1__init
W2_A0211,HPW210,2025-11-18,2025-11-18,HPW210|2025-11-18|C1,2025-11-18 13:30:00,2025-11-18 14:00:00,2,ER6,HPW210|2025-11-18|C1__init
W2_A0223,HPW213,2025-11-18,2025-11-18,HPW213|2025-11-18|C1,2025-11-18 13:30:00,2025-11-18 14:30:00,4,ER9,HPW213|2025-11-18|C1__init
W2_A0236,HPW217,2025-11-18,2025-11-18,HPW217|2025-11-18|C1,2025-11-18 13:30:00,2025-11-18 13:45:00,1,ER13,HPW217|2025-11-18|C1__init
W2_A0239,HPW217,2025-11-18,2025-11-18,HPW217|2025-11-18|C1,2025-11-18 13:45:00,2025-11-18 14:00:00,1,ER13,HPW217|2025-11-18|C1__init
W2_A0150,HPW201,2025-11-18,2025-11-18,HPW201|2025-11-18|C1,2025-11-18 14:00:00,2025-11-18 14:15:00,1,ER1,HPW201|2025-11-18|C1__init
W2_A0164,HPW202,2025-11-18,2025-11-18,HPW202|2025-11-18|C1,2025-11-18 14:00:00,2025-11-18 15:00:00,4,ER15,HPW202|2025-11-18|C1__init
W2_A0181,HPW204,2025-11-18,2025-11-18,HPW204|2025-11-18|C1,2025-11-18 14:00:00,2025-11-18 15:00:00,4,ER2,HPW204|2025-11-18|C1__init
W2_A0192,HPW205,2025-11-18,2025-11-18,HPW205|2025-11-18|C1,2025-11-18 14:00:00,2025-11-18 14:30:00,2,ER5,HPW205|2025-11-18|C1__init
W2_A0227,HPW214,2025-11-18,2025-11-18,HPW214|2025-11-18|C1,2025-11-18 14:00:00,2025-11-18 14:30:00,2,ER7,HPW214|2025-11-18|C1__init
W2_A0231,HPW216,2025-11-18,2025-11-18,HPW216|2025-11-18|C1,2025-11-18 14:00:00,2025-11-18 14:30:00,2,ER8,HPW216|2025-11-18|C1__init
W2_A0243,HPW217,2025-11-18,2025-11-18,HPW217|2025-11-18|C2,2025-11-18 14:00:00,2025-11-18 14:15:00,1,ER3,HPW217|2025-11-18|C2__init
W2_A0248,HPW217,2025-11-18,2025-11-18,HPW217|2025-11-18|C1,2025-11-18 14:00:00,2025-11-18 14:15:00,1,ER13,HPW217|2025-11-18|C1__init
W2_A0189,HPW204,2025-11-18,2025-11-18,HPW204|2025-11-18|C2,2025-11-18 14:15:00,2025-11-18 14:45:00,2,ER14,HPW204|2025-11-18|C2__init
W2_A0210,HPW208,2025-11-18,2025-11-18,HPW208|2025-11-18|C1,2025-11-18 14:15:00,2025-11-18 14:30:00,1,ER12,HPW208|2025-11-18|C1__init
W2_A0245,HPW217,2025-11-18,2025-11-18,HPW217|2025-11-18|C1,2025-11-18 14:15:00,2025-11-18 14:30:00,1,ER13,HPW217|2025-11-18|C1__init
W2_A0247,HPW217,2025-11-18,2025-11-18,HPW217|2025-11-18|C2,2025-11-18 14:15:00,2025-11-18 14:30:00,1,ER3,HPW217|2025-11-18|C2__init
W2_A0206,HPW207,2025-11-18,2025-11-18,HPW207|2025-11-18|C1,2025-11-18 14:30:00,2025-11-18 15:00:00,2,ER4,HPW207|2025-11-18|C1__init
W2_A0234,HPW216,2025-11-18,2025-11-18,HPW216|2025-11-18|C1,2025-11-18 14:30:00,2025-11-18 15:00:00,2,ER8,HPW216|2025-11-18|C1__init
W2_A0237,HPW217,2025-11-18,2025-11-18,HPW217|2025-11-18|C1,2025-11-18 14:30:00,2025-11-18 14:45:00,1,ER13,HPW217|2025-11-18|C1__init
W2_A0249,HPW217,2025-11-18,2025-11-18,HPW217|2025-11-18|C2,2025-11-18 14:30:00,2025-11-18 14:45:00,1,ER3,HPW217|2025-11-18|C2__init
W2_A0154,HPW201,2025-11-18,2025-11-18,HPW201|2025-11-18|C2,2025-11-18 14:45:00,2025-11-18 15:15:00,2,ER10,HPW201|2025-11-18|C2__init
W2_A0156,HPW201,2025-11-18,2025-11-18,HPW201|2025-11-18|C1,2025-11-18 14:45:00,2025-11-18 15:00:00,1,ER1,HPW201|2025-11-18|C1__init
W2_A0225,HPW213,2025-11-18,2025-11-18,HPW213|2025-11-18|C1,2025-11-18 14:45:00,2025-11-18 15:00:00,1,ER9,HPW213|2025-11-18|C1__init
W2_A0241,HPW217,2025-11-18,2025-11-18,HPW217|2025-11-18|C1,2025-11-18 14:45:00,2025-11-18 15:00:00,1,ER13,HPW217|2025-11-18|C1__init
W2_A0244,HPW217,2025-11-18,2025-11-18,HPW217|2025-11-18|C2,2025-11-18 14:45:00,2025-11-18 15:00:00,1,ER3,HPW217|2025-11-18|C2__init
W2_A0151,HPW201,2025-11-18,2025-11-18,HPW201|2025-11-18|C1,2025-11-18 15:00:00,2025-11-18 15:15:00,1,ER1,HPW201|2025-11-18|C1__init
W2_A0167,HPW202,2025-11-18,2025-11-18,HPW202|2025-11-18|C1,2025-11-18 15:00:00,2025-11-18 16:00:00,4,ER15,HPW202|2025-11-18|C1__init
W2_A0183,HPW204,2025-11-18,2025-11-18,HPW204|2025-11-18|C1,2025-11-18 15:00:00,2025-11-18 15:15:00,1,ER2,HPW204|2025-11-18|C1__init
W2_A0207,HPW207,2025-11-18,2025-11-18,HPW207|2025-11-18|C1,2025-11-18 15:00:00,2025-11-18 15:30:00,2,ER4,HPW207|2025-11-18|C1__init
W2_A0217,HPW210,2025-11-18,2025-11-18,HPW210|2025-11-18|C1,2025-11-18 15:00:00,2025-11-18 15:30:00,2,ER6,HPW210|2025-11-18|C1__init
W2_A0219,HPW211,2025-11-18,2025-11-18,HPW211|2025-11-18|C1,2025-11-18 15:00:00,2025-11-18 15:30:00,2,ER12,HPW211|2025-11-18|C1__init
W2_A0226,HPW214,2025-11-18,2025-11-18,HPW214|2025-11-18|C1,2025-11-18 15:00:00,2025-11-18 15:30:00,2,ER7,HPW214|2025-11-18|C1__init
W2_A0230,HPW216,2025-11-18,2025-11-18,HPW216|2025-11-18|C1,2025-11-18 15:00:00,2025-11-18 15:30:00,2,ER8,HPW216|2025-11-18|C1__init
W2_A0238,HPW217,2025-11-18,2025-11-18,HPW217|2025-11-18|C1,2025-11-18 15:00:00,2025-11-18 15:15:00,1,ER13,HPW217|2025-11-18|C1__init
W2_A0251,HPW217,2025-11-18,2025-11-18,HPW217|2025-11-18|C3,2025-11-18 15:00:00,2025-11-18 15:15:00,1,ER9,HPW217|2025-11-18|C3__init
W2_A0152,HPW201,2025-11-18,2025-11-18,HPW201|2025-11-18|C1,2025-11-18 15:15:00,2025-11-18 15:30:00,1,ER1,HPW201|2025-11-18|C1__init
W2_A0153,HPW201,2025-11-18,2025-11-18,HPW201|2025-11-18|C2,2025-11-18 15:15:00,2025-11-18 15:30:00,1,ER10,HPW201|2025-11-18|C2__init
W2_A0155,HPW201,2025-11-18,2025-11-18,HPW201|2025-11-18|C3,2025-11-18 15:15:00,2025-11-18 15:30:00,1,ER11,HPW201|2025-11-18|C3__init
W2_A0191,HPW205,2025-11-18,2025-11-18,HPW205|2025-11-18|C1,2025-11-18 15:15:00,2025-11-18 15:30:00,1,ER5,HPW205|2025-11-18|C1__init
W2_A0246,HPW217,2025-11-18,2025-11-18,HPW217|2025-11-18|C1,2025-11-18 15:15:00,2025-11-18 15:30:00,1,ER13,HPW217|2025-11-18|C1__init
W2_A0255,HPW218,2025-11-18,2025-11-18,HPW218|2025-11-18|C1,2025-11-18 15:15:00,2025-11-18 15:30:00,1,ER9,HPW218|2025-11-18|C1__init
W2_A0180,HPW204,2025-11-18,2025-11-18,HPW204|2025-11-18|C1,2025-11-18 15:30:00,2025-11-18 16:15:00,3,ER2,HPW204|2025-11-18|C1__init
W2_A0195,HPW206,2025-11-18,2025-11-18,HPW206|2025-11-18|C1,2025-11-18 15:30:00,2025-11-18 15:45:00,1,ER14,HPW206|2025-11-18|C1__init
W2_A0209,HPW207,2025-11-18,2025-11-18,HPW207|2025-11-18|C1,2025-11-18 15:30:00,2025-11-18 16:00:00,2,ER4,HPW207|2025-11-18|C1__init
W2_A0222,HPW212,2025-11-18,2025-11-18,HPW212|2025-11-18|C1,2025-11-18 15:30:00,2025-11-18 15:45:00,1,ER16,HPW212|2025-11-18|C1__init
W2_A0242,HPW217,2025-11-18,2025-11-18,HPW217|2025-11-18|C2,2025-11-18 15:30:00,2025-11-18 15:45:00,1,ER3,HPW217|2025-11-18|C2__init
W2_A0250,HPW217,2025-11-18,2025-11-18,HPW217|2025-11-18|C1,2025-11-18 15:30:00,2025-11-18 15:45:00,1,ER12,HPW217|2025-11-18|C1__init
W2_A0256,HPW218,2025-11-18,2025-11-18,HPW218|2025-11-18|C1,2025-11-18 15:30:00,2025-11-18 15:45:00,1,ER8,HPW218|2025-11-18|C1__init
W2_A0258,HPW219,2025-11-18,2025-11-18,HPW219|2025-11-18|C1,2025-11-18 15:30:00,2025-11-18 16:00:00,2,ER7,HPW219|2025-11-18|C1__init
W2_A0259,HPW220,2025-11-18,2025-11-18,HPW220|2025-11-18|C1,2025-11-18 15:30:00,2025-11-18 15:45:00,1,ER13,HPW220|2025-11-18|C1__init
W2_A0262,HPW221,2025-11-18,2025-11-18,HPW221|2025-11-18|C1,2025-11-18 15:30:00,2025-11-18 15:45:00,1,ER11,HPW221|2025-11-18|C1__init
W2_A0263,HPW222,2025-11-18,2025-11-18,HPW222|2025-11-18|C1,2025-11-18 15:30:00,2025-11-18 16:30:00,4,ER9,HPW222|2025-11-18|C1__init
W2_A0264,HPW222,2025-11-18,2025-11-18,HPW222|2025-11-18|C1,2025-11-18 15:30:00,2025-11-18 16:00:00,2,ER10,HPW222|2025-11-18|C1__init
W2_A0268,HPW222,2025-11-18,2025-11-18,HPW222|2025-11-18|C1,2025-11-18 15:30:00,2025-11-18 16:00:00,2,ER5,HPW222|2025-11-18|C1__init
W2_A0269,HPW222,2025-11-18,2025-11-18,HPW222|2025-11-18|C1,2025-11-18 15:30:00,2025-11-18 16:00:00,2,ER1,HPW222|2025-11-18|C1__init
W2_A0240,HPW217,2025-11-18,2025-11-18,HPW217|2025-11-18|C1,2025-11-18 15:45:00,2025-11-18 16:00:00,1,ER12,HPW217|2025-11-18|C1__init
W2_A0257,HPW218,2025-11-18,2025-11-18,HPW218|2025-11-18|C1,2025-11-18 15:45:00,2025-11-18 16:00:00,1,ER8,HPW218|2025-11-18|C1__init
W2_A0260,HPW221,2025-11-18,2025-11-18,HPW221|2025-11-18|C1,2025-11-18 15:45:00,2025-11-18 16:00:00,1,ER11,HPW221|2025-11-18|C1__init
W2_A0267,HPW222,2025-11-18,2025-11-18,HPW222|2025-11-18|C2,2025-11-18 15:45:00,2025-11-18 16:00:00,1,ER14,HPW222|2025-11-18|C2__init
W2_A0270,HPW223,2025-11-18,2025-11-18,HPW223|2025-11-18|C1,2025-11-18 15:45:00,2025-11-18 16:00:00,1,ER13,HPW223|2025-11-18|C1__init
W2_A0273,HPW223,2025-11-18,2025-11-18,HPW223|2025-11-18|C2,2025-11-18 15:45:00,2025-11-18 16:00:00,1,ER16,HPW223|2025-11-18|C2__init
W2_A0216,HPW210,2025-11-18,2025-11-18,HPW210|2025-11-18|C1,2025-11-18 16:00:00,2025-11-18 16:30:00,2,ER6,HPW210|2025-11-18|C1__init
W2_A0253,HPW218,2025-11-18,2025-11-18,HPW218|2025-11-18|C1,2025-11-18 16:00:00,2025-11-18 16:15:00,1,ER8,HPW218|2025-11-18|C1__init
W2_A0261,HPW221,2025-11-18,2025-11-18,HPW221|2025-11-18|C1,2025-11-18 16:00:00,2025-11-18 16:15:00,1,ER11,HPW221|2025-11-18|C1__init
W2_A0265,HPW222,2025-11-18,2025-11-18,HPW222|2025-11-18|C1,2025-11-18 16:00:00,2025-11-18 16:30:00,2,ER3,HPW222|2025-11-18|C1__init
W2_A0266,HPW222,2025-11-18,2025-11-18,HPW222|2025-11-18|C1,2025-11-18 16:00:00,2025-11-18 16:30:00,2,ER5,HPW222|2025-11-18|C1__init
W2_A0272,HPW223,2025-11-18,2025-11-18,HPW223|2025-11-18|C1,2025-11-18 16:00:00,2025-11-18 16:15:00,1,ER13,HPW223|2025-11-18|C1__init
W2_A0254,HPW218,2025-11-18,2025-11-18,HPW218|2025-11-18|C1,2025-11-18 16:15:00,2025-11-18 16:30:00,1,ER8,HPW218|2025-11-18|C1__init
W2_A0271,HPW223,2025-11-18,2025-11-18,HPW223|2025-11-18|C1,2025-11-18 16:15:00,2025-11-18 16:30:00,1,ER13,HPW223|2025-11-18|C1__init
W2_A0285,HPW201,2025-11-19,2025-11-19,HPW201|2025-11-19|C1,2025-11-19 09:30:00,2025-11-19 09:45:00,1,ER1,HPW201|2025-11-19|C1__init
W2_A0296,HPW203,2025-11-19,2025-11-19,HPW203|2025-11-19|C1,2025-11-19 09:30:00,2025-11-19 10:00:00,2,ER12,HPW203|2025-11-19|C1__init
W2_A0303,HPW204,2025-11-19,2025-11-19,HPW204|2025-11-19|C1,2025-11-19 09:30:00,2025-11-19 10:00:00,2,ER2,HPW204|2025-11-19|C1__init
W2_A0310,HPW205,2025-11-19,2025-11-19,HPW205|2025-11-19|C1,2025-11-19 09:30:00,2025-11-19 09:45:00,1,ER5,HPW205|2025-11-19|C1__init
W2_A0337,HPW209,2025-11-19,2025-11-19,HPW209|2025-11-19|C1,2025-11-19 09:30:00,2025-11-19 10:00:00,2,ER3,HPW209|2025-11-19|C1__init
W2_A0344,HPW210,2025-11-19,2025-11-19,HPW210|2025-11-19|C1,2025-11-19 09:30:00,2025-11-19 10:00:00,2,ER6,HPW210|2025-11-19|C1__init
W2_A0277,HPW201,2025-11-19,2025-11-19,HPW201|2025-11-19|C1,2025-11-19 09:45:00,2025-11-19 10:00:00,1,ER1,HPW201|2025-11-19|C1__init
W2_A0279,HPW201,2025-11-19,2025-11-19,HPW201|2025-11-19|C2,2025-11-19 09:45:00,2025-11-19 10:00:00,1,ER10,HPW201|2025-11-19|C2__init
W2_A0286,HPW201,2025-11-19,2025-11-19,HPW201|2025-11-19|C3,2025-11-19 09:45:00,2025-11-19 10:00:00,1,ER11,HPW201|2025-11-19|C3__init
W2_A0307,HPW205,2025-11-19,2025-11-19,HPW205|2025-11-19|C1,2025-11-19 09:45:00,2025-11-19 10:15:00,2,ER5,HPW205|2025-11-19|C1__init
W2_A0287,HPW201,2025-11-19,2025-11-19,HPW201|2025-11-19|C1,2025-11-19 10:00:00,2025-11-19 10:15:00,1,ER1,HPW201|2025-11-19|C1__init
W2_A0295,HPW203,2025-11-19,2025-11-19,HPW203|2025-11-19|C1,2025-11-19 10:00:00,2025-11-19 10:30:00,2,ER12,HPW203|2025-11-19|C1__init
W2_A0312,HPW206,2025-11-19,2025-11-19,HPW206|2025-11-19|C1,2025-11-19 10:00:00,2025-11-19 10:15:00,1,ER14,HPW206|2025-11-19|C1__init
W2_A0330,HPW207,2025-11-19,2025-11-19,HPW207|2025-11-19|C1,2025-11-19 10:00:00,2025-11-19 10:30:00,2,ER4,HPW207|2025-11-19|C1__cg_30
W2_A0334,HPW208,2025-11-19,2025-11-19,HPW208|2025-11-19|C1,2025-11-19 10:00:00,2025-11-19 10:30:00,2,ER13,HPW208|2025-11-19|C1__init
W2_A0340,HPW209,2025-11-19,2025-11-19,HPW209|2025-11-19|C1,2025-11-19 10:00:00,2025-11-19 10:30:00,2,ER3,HPW209|2025-11-19|C1__init
W2_A0352,HPW211,2025-11-19,2025-11-19,HPW211|2025-11-19|C1,2025-11-19 10:00:00,2025-11-19 10:30:00,2,ER9,HPW211|2025-11-19|C1__cg_5
W2_A0355,HPW216,2025-11-19,2025-11-19,HPW216|2025-11-19|C1,2025-11-19 10:00:00,2025-11-19 10:30:00,2,ER11,HPW216|2025-11-19|C1__init
W2_A0309,HPW205,2025-11-19,2025-11-19,HPW205|2025-11-19|C1,2025-11-19 10:15:00,2025-11-19 11:15:00,4,ER5,HPW205|2025-11-19|C1__init
W2_A0341,HPW209,2025-11-19,2025-11-19,HPW209|2025-11-19|C2,2025-11-19 10:15:00,2025-11-19 10:30:00,1,ER2,HPW209|2025-11-19|C2__init
W2_A0290,HPW201,2025-11-19,2025-11-19,HPW201|2025-11-19|C1,2025-11-19 10:30:00,2025-11-19 10:45:00,1,ER1,HPW201|2025-11-19|C1__init
W2_A0311,HPW206,2025-11-19,2025-11-19,HPW206|2025-11-19|C1,2025-11-19 10:30:00,2025-11-19 10:45:00,1,ER14,HPW206|2025-11-19|C1__init
W2_A0313,HPW206,2025-11-19,2025-11-19,HPW206|2025-11-19|C2,2025-11-19 10:30:00,2025-11-19 10:45:00,1,ER7,HPW206|2025-11-19|C2__init
W2_A0329,HPW207,2025-11-19,2025-11-19,HPW207|2025-11-19|C1,2025-11-19 10:30:00,2025-11-19 11:15:00,3,ER4,HPW207|2025-11-19|C1__cg_30
W2_A0336,HPW209,2025-11-19,2025-11-19,HPW209|2025-11-19|C1,2025-11-19 10:30:00,2025-11-19 11:00:00,2,ER3,HPW209|2025-11-19|C1__init
W2_A0278,HPW201,2025-11-19,2025-11-19,HPW201|2025-11-19|C1,2025-11-19 10:45:00,2025-11-19 11:00:00,1,ER1,HPW201|2025-11-19|C1__init
W2_A0301,HPW204,2025-11-19,2025-11-19,HPW204|2025-11-19|C1,2025-11-19 10:45:00,2025-11-19 11:30:00,3,ER15,HPW204|2025-11-19|C1__init
W2_A0331,HPW208,2025-11-19,2025-11-19,HPW208|2025-11-19|C1,2025-11-19 10:45:00,2025-11-19 11:15:00,2,ER13,HPW208|2025-11-19|C1__init
W2_A0366,HPW218,2025-11-19,2025-11-19,HPW218|2025-11-19|C1,2025-11-19 10:45:00,2025-11-19 11:00:00,1,ER8,HPW218|2025-11-19|C1__init
W2_A0283,HPW201,2025-11-19,2025-11-19,HPW201|2025-11-19|C1,2025-11-19 11:00:00,2025-11-19 11:15:00,1,ER1,HPW201|2025-11-19|C1__init
W2_A0294,HPW203,2025-11-19,2025-11-19,HPW203|2025-11-19|C1,2025-11-19 11:00:00,2025-11-19 11:15:00,1,ER12,HPW203|2025-11-19|C1__init
W2_A0322,HPW206,2025-11-19,2025-11-19,HPW206|2025-11-19|C1,2025-11-19 11:00:00,2025-11-19 11:15:00,1,ER14,HPW206|2025-11-19|C1__init
W2_A0333,HPW208,2025-11-19,2025-11-19,HPW208|2025-11-19|C2,2025-11-19 11:00:00,2025-11-19 11:30:00,2,ER16,HPW208|2025-11-19|C2__init
W2_A0339,HPW209,2025-11-19,2025-11-19,HPW209|2025-11-19|C1,2025-11-19 11:00:00,2025-11-19 11:30:00,2,ER3,HPW209|2025-11-19|C1__init
W2_A0356,HPW216,2025-11-19,2025-11-19,HPW216|2025-11-19|C1,2025-11-19 11:00:00,2025-11-19 11:30:00,2,ER2,HPW216|2025-11-19|C1__init
W2_A0319,HPW206,2025-11-19,2025-11-19,HPW206|2025-11-19|C1,2025-11-19 11:15:00,2025-11-19 11:30:00,1,ER14,HPW206|2025-11-19|C1__init
W2_A0275,HPW201,2025-11-19,2025-11-19,HPW201|2025-11-19|C1,2025-11-19 13:00:00,2025-11-19 13:15:00,1,ER1,HPW201|2025-11-19|C1__init
W2_A0292,HPW203,2025-11-19,2025-11-19,HPW203|2025-11-19|C1,2025-11-19 13:00:00,2025-11-19 13:30:00,2,ER12,HPW203|2025-11-19|C1__init
W2_A0293,HPW203,2025-11-19,2025-11-19,HPW203|2025-11-19|C2,2025-11-19 13:00:00,2025-11-19 14:00:00,4,ER4,HPW203|2025-11-19|C2__init
W2_A0299,HPW204,2025-11-19,2025-11-19,HPW204|2025-11-19|C2,2025-11-19 13:00:00,2025-11-19 13:45:00,3,ER10,HPW204|2025-11-19|C2__init
W2_A0305,HPW204,2025-11-19,2025-11-19,HPW204|2025-11-19|C1,2025-11-19 13:00:00,2025-11-19 13:30:00,2,ER15,HPW204|2025-11-19|C1__init
W2_A0326,HPW206,2025-11-19,2025-11-19,HPW206|2025-11-19|C1,2025-11-19 13:00:00,2025-11-19 13:15:00,1,ER14,HPW206|2025-11-19|C1__init
W2_A0342,HPW209,2025-11-19,2025-11-19,HPW209|2025-11-19|C1,2025-11-19 13:00:00,2025-11-19 13:30:00,2,ER3,HPW209|2025-11-19|C1__init
W2_A0359,HPW217,2025-11-19,2025-11-19,HPW217|2025-11-19|C1,2025-11-19 13:00:00,2025-11-19 13:15:00,1,ER11,HPW217|2025-11-19|C1__init
W2_A0360,HPW217,2025-11-19,2025-11-19,HPW217|2025-11-19|C2,2025-11-19 13:00:00,2025-11-19 13:15:00,1,ER16,HPW217|2025-11-19|C2__init
W2_A0362,HPW218,2025-11-19,2025-11-19,HPW218|2025-11-19|C1,2025-11-19 13:00:00,2025-11-19 13:15:00,1,ER8,HPW218|2025-11-19|C1__init
W2_A0282,HPW201,2025-11-19,2025-11-19,HPW201|2025-11-19|C1,2025-11-19 13:15:00,2025-11-19 13:30:00,1,ER1,HPW201|2025-11-19|C1__init
W2_A0358,HPW217,2025-11-19,2025-11-19,HPW217|2025-11-19|C1,2025-11-19 13:15:00,2025-11-19 13:30:00,1,ER11,HPW217|2025-11-19|C1__init
W2_A0361,HPW218,2025-11-19,2025-11-19,HPW218|2025-11-19|C1,2025-11-19 13:15:00,2025-11-19 13:30:00,1,ER8,HPW218|2025-11-19|C1__init
W2_A0367,HPW221,2025-11-19,2025-11-19,HPW221|2025-11-19|C1,2025-11-19 13:15:00,2025-11-19 13:30:00,1,ER16,HPW221|2025-11-19|C1__init
W2_A0280,HPW201,2025-11-19,2025-11-19,HPW201|2025-11-19|C1,2025-11-19 13:30:00,2025-11-19 13:45:00,1,ER1,HPW201|2025-11-19|C1__init
W2_A0291,HPW203,2025-11-19,2025-11-19,HPW203|2025-11-19|C1,2025-11-19 13:30:00,2025-11-19 14:30:00,4,ER12,HPW203|2025-11-19|C1__init
W2_A0304,HPW204,2025-11-19,2025-11-19,HPW204|2025-11-19|C1,2025-11-19 13:30:00,2025-11-19 14:30:00,4,ER15,HPW204|2025-11-19|C1__init
W2_A0308,HPW205,2025-11-19,2025-11-19,HPW205|2025-11-19|C1,2025-11-19 13:30:00,2025-11-19 14:30:00,4,ER5,HPW205|2025-11-19|C1__init
W2_A0328,HPW206,2025-11-19,2025-11-19,HPW206|2025-11-19|C1,2025-11-19 13:30:00,2025-11-19 13:45:00,1,ER14,HPW206|2025-11-19|C1__init
W2_A0350,HPW210,2025-11-19,2025-11-19,HPW210|2025-11-19|C1,2025-11-19 13:30:00,2025-11-19 14:00:00,2,ER6,HPW210|2025-11-19|C1__init
W2_A0353,HPW211,2025-11-19,2025-11-19,HPW211|2025-11-19|C1,2025-11-19 13:30:00,2025-11-19 14:00:00,2,ER9,HPW211|2025-11-19|C1__cg_5
W2_A0365,HPW218,2025-11-19,2025-11-19,HPW218|2025-11-19|C1,2025-11-19 13:30:00,2025-11-19 13:45:00,1,ER8,HPW218|2025-11-19|C1__init
W2_A0374,HPW222,2025-11-19,2025-11-19,HPW222|2025-11-19|C1,2025-11-19 13:30:00,2025-11-19 13:45:00,1,ER16,HPW222|2025-11-19|C1__init
W2_A0289,HPW201,2025-11-19,2025-11-19,HPW201|2025-11-19|C1,2025-11-19 13:45:00,2025-11-19 14:00:00,1,ER1,HPW201|2025-11-19|C1__init
W2_A0302,HPW204,2025-11-19,2025-11-19,HPW204|2025-11-19|C2,2025-11-19 13:45:00,2025-11-19 14:30:00,3,ER10,HPW204|2025-11-19|C2__init
W2_A0327,HPW206,2025-11-19,2025-11-19,HPW206|2025-11-19|C1,2025-11-19 13:45:00,2025-11-19 14:00:00,1,ER14,HPW206|2025-11-19|C1__init
W2_A0364,HPW218,2025-11-19,2025-11-19,HPW218|2025-11-19|C1,2025-11-19 13:45:00,2025-11-19 14:00:00,1,ER8,HPW218|2025-11-19|C1__init
W2_A0370,HPW222,2025-11-19,2025-11-19,HPW222|2025-11-19|C1,2025-11-19 13:45:00,2025-11-19 14:15:00,2,ER16,HPW222|2025-11-19|C1__init
W2_A0281,HPW201,2025-11-19,2025-11-19,HPW201|2025-11-19|C1,2025-11-19 14:00:00,2025-11-19 14:15:00,1,ER1,HPW201|2025-11-19|C1__init
W2_A0325,HPW206,2025-11-19,2025-11-19,HPW206|2025-11-19|C1,2025-11-19 14:00:00,2025-11-19 14:15:00,1,ER14,HPW206|2025-11-19|C1__init
W2_A0332,HPW208,2025-11-19,2025-11-19,HPW208|2025-11-19|C1,2025-11-19 14:00:00,2025-11-19 14:30:00,2,ER13,HPW208|2025-11-19|C1__init
W2_A0345,HPW210,2025-11-19,2025-11-19,HPW210|2025-11-19|C1,2025-11-19 14:00:00,2025-11-19 14:30:00,2,ER6,HPW210|2025-11-19|C1__init
W2_A0357,HPW216,2025-11-19,2025-11-19,HPW216|2025-11-19|C1,2025-11-19 14:00:00,2025-11-19 14:15:00,1,ER2,HPW216|2025-11-19|C1__init
W2_A0314,HPW206,2025-11-19,2025-11-19,HPW206|2025-11-19|C1,2025-11-19 14:15:00,2025-11-19 14:30:00,1,ER14,HPW206|2025-11-19|C1__init
W2_A0315,HPW206,2025-11-19,2025-11-19,HPW206|2025-11-19|C2,2025-11-19 14:15:00,2025-11-19 14:30:00,1,ER7,HPW206|2025-11-19|C2__init
W2_A0316,HPW206,2025-11-19,2025-11-19,HPW206|2025-11-19|C3,2025-11-19 14:15:00,2025-11-19 14:30:00,1,ER4,HPW206|2025-11-19|C3__init
W2_A0376,HPW222,2025-11-19,2025-11-19,HPW222|2025-11-19|C1,2025-11-19 14:15:00,2025-11-19 14:30:00,1,ER16,HPW222|2025-11-19|C1__init
W2_A0377,HPW222,2025-11-19,2025-11-19,HPW222|2025-11-19|C1,2025-11-19 14:15:00,2025-11-19 14:45:00,2,ER2,HPW222|2025-11-19|C1__init
W2_A0276,HPW201,2025-11-19,2025-11-19,HPW201|2025-11-19|C1,2025-11-19 14:30:00,2025-11-19 14:45:00,1,ER1,HPW201|2025-11-19|C1__init
W2_A0297,HPW204,2025-11-19,2025-11-19,HPW204|2025-11-19|C1,2025-11-19 14:30:00,2025-11-19 15:00:00,2,ER15,HPW204|2025-11-19|C1__init
W2_A0306,HPW205,2025-11-19,2025-11-19,HPW205|2025-11-19|C1,2025-11-19 14:30:00,2025-11-19 15:00:00,2,ER5,HPW205|2025-11-19|C1__init
W2_A0335,HPW209,2025-11-19,2025-11-19,HPW209|2025-11-19|C1,2025-11-19 14:30:00,2025-11-19 15:00:00,2,ER3,HPW209|2025-11-19|C1__init
W2_A0347,HPW210,2025-11-19,2025-11-19,HPW210|2025-11-19|C1,2025-11-19 14:30:00,2025-11-19 15:00:00,2,ER6,HPW210|2025-11-19|C1__init
W2_A0373,HPW222,2025-11-19,2025-11-19,HPW222|2025-11-19|C1,2025-11-19 14:30:00,2025-11-19 15:00:00,2,ER16,HPW222|2025-11-19|C1__init
W2_A0288,HPW201,2025-11-19,2025-11-19,HPW201|2025-11-19|C1,2025-11-19 14:45:00,2025-11-19 15:00:00,1,ER1,HPW201|2025-11-19|C1__init
W2_A0363,HPW218,2025-11-19,2025-11-19,HPW218|2025-11-19|C1,2025-11-19 14:45:00,2025-11-19 15:00:00,1,ER8,HPW218|2025-11-19|C1__init
W2_A0284,HPW201,2025-11-19,2025-11-19,HPW201|2025-11-19|C1,2025-11-19 15:00:00,2025-11-19 15:15:00,1,ER1,HPW201|2025-11-19|C1__init
W2_A0300,HPW204,2025-11-19,2025-11-19,HPW204|2025-11-19|C1,2025-11-19 15:00:00,2025-11-19 15:45:00,3,ER15,HPW204|2025-11-19|C1__init
W2_A0317,HPW206,2025-11-19,2025-11-19,HPW206|2025-11-19|C1,2025-11-19 15:00:00,2025-11-19 15:15:00,1,ER14,HPW206|2025-11-19|C1__init
W2_A0338,HPW209,2025-11-19,2025-11-19,HPW209|2025-11-19|C1,2025-11-19 15:00:00,2025-11-19 15:30:00,2,ER3,HPW209|2025-11-19|C1__init
W2_A0346,HPW210,2025-11-19,2025-11-19,HPW210|2025-11-19|C1,2025-11-19 15:00:00,2025-11-19 15:30:00,2,ER6,HPW210|2025-11-19|C1__init
W2_A0375,HPW222,2025-11-19,2025-11-19,HPW222|2025-11-19|C1,2025-11-19 15:00:00,2025-11-19 15:30:00,2,ER16,HPW222|2025-11-19|C1__init
W2_A0274,HPW201,2025-11-19,2025-11-19,HPW201|2025-11-19|C1,2025-11-19 15:15:00,2025-11-19 15:30:00,1,ER1,HPW201|2025-11-19|C1__init
W2_A0318,HPW206,2025-11-19,2025-11-19,HPW206|2025-11-19|C1,2025-11-19 15:15:00,2025-11-19 15:30:00,1,ER14,HPW206|2025-11-19|C1__init
W2_A0324,HPW206,2025-11-19,2025-11-19,HPW206|2025-11-19|C1,2025-11-19 15:30:00,2025-11-19 15:45:00,1,ER14,HPW206|2025-11-19|C1__init
W2_A0343,HPW209,2025-11-19,2025-11-19,HPW209|2025-11-19|C1,2025-11-19 15:30:00,2025-11-19 16:00:00,2,ER1,HPW209|2025-11-19|C1__init
W2_A0349,HPW210,2025-11-19,2025-11-19,HPW210|2025-11-19|C1,2025-11-19 15:30:00,2025-11-19 16:00:00,2,ER6,HPW210|2025-11-19|C1__init
W2_A0351,HPW211,2025-11-19,2025-11-19,HPW211|2025-11-19|C1,2025-11-19 15:30:00,2025-11-19 15:45:00,1,ER9,HPW211|2025-11-19|C1__cg_5
W2_A0368,HPW221,2025-11-19,2025-11-19,HPW221|2025-11-19|C1,2025-11-19 15:30:00,2025-11-19 16:00:00,2,ER11,HPW221|2025-11-19|C1__init
W2_A0371,HPW222,2025-11-19,2025-11-19,HPW222|2025-11-19|C1,2025-11-19 15:30:00,2025-11-19 16:00:00,2,ER3,HPW222|2025-11-19|C1__init
W2_A0298,HPW204,2025-11-19,2025-11-19,HPW204|2025-11-19|C1,2025-11-19 15:45:00,2025-11-19 16:15:00,2,ER15,HPW204|2025-11-19|C1__init
W2_A0321,HPW206,2025-11-19,2025-11-19,HPW206|2025-11-19|C1,2025-11-19 15:45:00,2025-11-19 16:00:00,1,ER14,HPW206|2025-11-19|C1__init
W2_A0323,HPW206,2025-11-19,2025-11-19,HPW206|2025-11-19|C1,2025-11-19 16:00:00,2025-11-19 16:15:00,1,ER14,HPW206|2025-11-19|C1__init
W2_A0348,HPW210,2025-11-19,2025-11-19,HPW210|2025-11-19|C1,2025-11-19 16:00:00,2025-11-19 16:30:00,2,ER6,HPW210|2025-11-19|C1__init
W2_A0354,HPW214,2025-11-19,2025-11-19,HPW214|2025-11-19|C1,2025-11-19 16:00:00,2025-11-19 16:15:00,1,ER1,HPW214|2025-11-19|C1__init
W2_A0369,HPW222,2025-11-19,2025-11-19,HPW222|2025-11-19|C1,2025-11-19 16:00:00,2025-11-19 16:15:00,1,ER2,HPW222|2025-11-19|C1__init
W2_A0372,HPW222,2025-11-19,2025-11-19,HPW222|2025-11-19|C1,2025-11-19 16:00:00,2025-11-19 16:30:00,2,ER3,HPW222|2025-11-19|C1__init
W2_A0320,HPW206,2025-11-19,2025-11-19,HPW206|2025-11-19|C1,2025-11-19 16:15:00,2025-11-19 16:30:00,1,ER14,HPW206|2025-11-19|C1__init
W2_A0383,HPW206,2025-11-20,2025-11-20,HPW206|2025-11-20|C1,2025-11-20 09:30:00,2025-11-20 09:45:00,1,ER14,HPW206|2025-11-20|C1__init
W2_A0385,HPW207,2025-11-20,2025-11-20,HPW207|2025-11-20|C1,2025-11-20 09:30:00,2025-11-20 10:00:00,2,ER12,HPW207|2025-11-20|C1__init
W2_A0391,HPW209,2025-11-20,2025-11-20,HPW209|2025-11-20|C1,2025-11-20 09:30:00,2025-11-20 10:00:00,2,ER2,HPW209|2025-11-20|C1__init
W2_A0415,HPW221,2025-11-20,2025-11-20,HPW221|2025-11-20|C1,2025-11-20 09:30:00,2025-11-20 09:45:00,1,ER11,HPW221|2025-11-20|C1__init
W2_A0410,HPW218,2025-11-20,2025-11-20,HPW218|2025-11-20|C1,2025-11-20 09:45:00,2025-11-20 10:00:00,1,ER8,HPW218|2025-11-20|C1__init
W2_A0378,HPW205,2025-11-20,2025-11-20,HPW205|2025-11-20|C1,2025-11-20 10:00:00,2025-11-20 10:15:00,1,ER5,HPW205|2025-11-20|C1__init
W2_A0380,HPW206,2025-11-20,2025-11-20,HPW206|2025-11-20|C1,2025-11-20 10:00:00,2025-11-20 10:15:00,1,ER14,HPW206|2025-11-20|C1__init
W2_A0382,HPW206,2025-11-20,2025-11-20,HPW206|2025-11-20|C2,2025-11-20 10:00:00,2025-11-20 10:15:00,1,ER4,HPW206|2025-11-20|C2__init
W2_A0386,HPW207,2025-11-20,2025-11-20,HPW207|2025-11-20|C1,2025-11-20 10:00:00,2025-11-20 10:30:00,2,ER12,HPW207|2025-11-20|C1__init
W2_A0393,HPW209,2025-11-20,2025-11-20,HPW209|2025-11-20|C1,2025-11-20 10:00:00,2025-11-20 10:15:00,1,ER2,HPW209|2025-11-20|C1__init
W2_A0401,HPW216,2025-11-20,2025-11-20,HPW216|2025-11-20|C1,2025-11-20 10:00:00,2025-11-20 10:30:00,2,ER7,HPW216|2025-11-20|C1__init
W2_A0411,HPW218,2025-11-20,2025-11-20,HPW218|2025-11-20|C1,2025-11-20 10:00:00,2025-11-20 10:15:00,1,ER8,HPW218|2025-11-20|C1__init
W2_A0414,HPW221,2025-11-20,2025-11-20,HPW221|2025-11-20|C1,2025-11-20 10:00:00,2025-11-20 10:15:00,1,ER11,HPW221|2025-11-20|C1__init
W2_A0419,HPW222,2025-11-20,2025-11-20,HPW222|2025-11-20|C1,2025-11-20 10:00:00,2025-11-20 10:30:00,2,ER3,HPW222|2025-11-20|C1__init
W2_A0384,HPW206,2025-11-20,2025-11-20,HPW206|2025-11-20|C1,2025-11-20 10:15:00,2025-11-20 10:30:00,1,ER14,HPW206|2025-11-20|C1__init
W2_A0392,HPW209,2025-11-20,2025-11-20,HPW209|2025-11-20|C1,2025-11-20 10:15:00,2025-11-20 10:45:00,2,ER2,HPW209|2025-11-20|C1__init
W2_A0379,HPW205,2025-11-20,2025-11-20,HPW205|2025-11-20|C1,2025-11-20 10:30:00,2025-11-20 11:00:00,2,ER5,HPW205|2025-11-20|C1__init
W2_A0400,HPW216,2025-11-20,2025-11-20,HPW216|2025-11-20|C1,2025-11-20 10:30:00,2025-11-20 11:00:00,2,ER7,HPW216|2025-11-20|C1__init
W2_A0404,HPW217,2025-11-20,2025-11-20,HPW217|2025-11-20|C1,2025-11-20 10:30:00,2025-11-20 10:45:00,1,ER12,HPW217|2025-11-20|C1__init
W2_A0409,HPW217,2025-11-20,2025-11-20,HPW217|2025-11-20|C2,2025-11-20 10:30:00,2025-11-20 10:45:00,1,ER4,HPW217|2025-11-20|C2__init
W2_A0418,HPW222,2025-11-20,2025-11-20,HPW222|2025-11-20|C1,2025-11-20 10:30:00,2025-11-20 11:00:00,2,ER3,HPW222|2025-11-20|C1__init
W2_A0390,HPW209,2025-11-20,2025-11-20,HPW209|2025-11-20|C1,2025-11-20 10:45:00,2025-11-20 11:15:00,2,ER2,HPW209|2025-11-20|C1__init
W2_A0403,HPW217,2025-11-20,2025-11-20,HPW217|2025-11-20|C1,2025-11-20 10:45:00,2025-11-20 11:00:00,1,ER12,HPW217|2025-11-20|C1__init
W2_A0408,HPW217,2025-11-20,2025-11-20,HPW217|2025-11-20|C2,2025-11-20 10:45:00,2025-11-20 11:00:00,1,ER4,HPW217|2025-11-20|C2__init
W2_A0416,HPW221,2025-11-20,2025-11-20,HPW221|2025-11-20|C1,2025-11-20 10:45:00,2025-11-20 11:00:00,1,ER11,HPW221|2025-11-20|C1__init
W2_A0381,HPW206,2025-11-20,2025-11-20,HPW206|2025-11-20|C1,2025-11-20 11:00:00,2025-11-20 11:15:00,1,ER14,HPW206|2025-11-20|C1__init
W2_A0388,HPW208,2025-11-20,2025-11-20,HPW208|2025-11-20|C1,2025-11-20 11:00:00,2025-11-20 11:30:00,2,ER1,HPW208|2025-11-20|C1__init
W2_A0395,HPW212,2025-11-20,2025-11-20,HPW212|2025-11-20|C1,2025-11-20 11:00:00,2025-11-20 11:30:00,2,ER16,HPW212|2025-11-20|C1__init
W2_A0397,HPW214,2025-11-20,2025-11-20,HPW214|2025-11-20|C1,2025-11-20 11:00:00,2025-11-20 11:30:00,2,ER9,HPW214|2025-11-20|C1__init
W2_A0399,HPW216,2025-11-20,2025-11-20,HPW216|2025-11-20|C1,2025-11-20 11:00:00,2025-11-20 11:30:00,2,ER7,HPW216|2025-11-20|C1__init
W2_A0412,HPW219,2025-11-20,2025-11-20,HPW219|2025-11-20|C1,2025-11-20 11:00:00,2025-11-20 11:15:00,1,ER15,HPW219|2025-11-20|C1__init
W2_A0413,HPW221,2025-11-20,2025-11-20,HPW221|2025-11-20|C1,2025-11-20 11:00:00,2025-11-20 11:30:00,2,ER11,HPW221|2025-11-20|C1__init
W2_A0417,HPW222,2025-11-20,2025-11-20,HPW222|2025-11-20|C1,2025-11-20 11:00:00,2025-11-20 11:30:00,2,ER3,HPW222|2025-11-20|C1__init
W2_A0387,HPW208,2025-11-20,2025-11-20,HPW208|2025-11-20|C1,2025-11-20 13:00:00,2025-11-20 13:30:00,2,ER1,HPW208|2025-11-20|C1__init
W2_A0389,HPW208,2025-11-20,2025-11-20,HPW208|2025-11-20|C2,2025-11-20 13:00:00,2025-11-20 13:30:00,2,ER10,HPW208|2025-11-20|C2__init
W2_A0394,HPW209,2025-11-20,2025-11-20,HPW209|2025-11-20|C1,2025-11-20 13:00:00,2025-11-20 13:30:00,2,ER2,HPW209|2025-11-20|C1__init
W2_A0396,HPW212,2025-11-20,2025-11-20,HPW212|2025-11-20|C1,2025-11-20 13:00:00,2025-11-20 13:30:00,2,ER16,HPW212|2025-11-20|C1__init
W2_A0398,HPW214,2025-11-20,2025-11-20,HPW214|2025-11-20|C2,2025-11-20 13:00:00,2025-11-20 13:30:00,2,ER9,HPW214|2025-11-20|C2__init
W2_A0402,HPW217,2025-11-20,2025-11-20,HPW217|2025-11-20|C2,2025-11-20 13:00:00,2025-11-20 13:30:00,2,ER4,HPW217|2025-11-20|C2__init
W2_A0405,HPW217,2025-11-20,2025-11-20,HPW217|2025-11-20|C1,2025-11-20 13:00:00,2025-11-20 13:30:00,2,ER12,HPW217|2025-11-20|C1__init
W2_A0406,HPW217,2025-11-20,2025-11-20,HPW217|2025-11-20|C1,2025-11-20 15:30:00,2025-11-20 15:45:00,1,ER12,HPW217|2025-11-20|C1__init
W2_A0407,HPW217,2025-11-20,2025-11-20,HPW217|2025-11-20|C1,2025-11-20 15:45:00,2025-11-20 16:00:00,1,ER12,HPW217|2025-11-20|C1__init
W2_A0426,HPW201,2025-11-21,2025-11-21,HPW201|2025-11-21|C1,2025-11-21 08:30:00,2025-11-21 09:15:00,3,ER5,HPW201|2025-11-21|C1__init
W2_A0437,HPW203,2025-11-21,2025-11-21,HPW203|2025-11-21|C1,2025-11-21 08:30:00,2025-11-21 08:45:00,1,ER4,HPW203|2025-11-21|C1__init
W2_A0462,HPW209,2025-11-21,2025-11-21,HPW209|2025-11-21|C1,2025-11-21 08:30:00,2025-11-21 09:00:00,2,ER1,HPW209|2025-11-21|C1__init
W2_A0465,HPW209,2025-11-21,2025-11-21,HPW209|2025-11-21|C1,2025-11-21 08:30:00,2025-11-21 09:00:00,2,ER2,HPW209|2025-11-21|C1__init
W2_A0470,HPW212,2025-11-21,2025-11-21,HPW212|2025-11-21|C3,2025-11-21 08:30:00,2025-11-21 09:30:00,4,ER3,HPW212|2025-11-21|C3__init
W2_A0447,HPW206,2025-11-21,2025-11-21,HPW206|2025-11-21|C1,2025-11-21 08:45:00,2025-11-21 09:15:00,2,ER14,HPW206|2025-11-21|C1__init
W2_A0469,HPW212,2025-11-21,2025-11-21,HPW212|2025-11-21|C1,2025-11-21 08:45:00,2025-11-21 09:00:00,1,ER16,HPW212|2025-11-21|C1__init
W2_A0481,HPW214,2025-11-21,2025-11-21,HPW214|2025-11-21|C1,2025-11-21 08:45:00,2025-11-21 09:30:00,3,ER10,HPW214|2025-11-21|C1__init
W2_A0424,HPW201,2025-11-21,2025-11-21,HPW201|2025-11-21|C3,2025-11-21 09:00:00,2025-11-21 09:15:00,1,ER11,HPW201|2025-11-21|C3__init
W2_A0448,HPW206,2025-11-21,2025-11-21,HPW206|2025-11-21|C2,2025-11-21 09:00:00,2025-11-21 09:30:00,2,ER7,HPW206|2025-11-21|C2__init
W2_A0449,HPW206,2025-11-21,2025-11-21,HPW206|2025-11-21|C3,2025-11-21 09:00:00,2025-11-21 09:30:00,2,ER15,HPW206|2025-11-21|C3__init
W2_A0463,HPW209,2025-11-21,2025-11-21,HPW209|2025-11-21|C1,2025-11-21 09:00:00,2025-11-21 09:15:00,1,ER2,HPW209|2025-11-21|C1__init
W2_A0464,HPW209,2025-11-21,2025-11-21,HPW209|2025-11-21|C1,2025-11-21 09:00:00,2025-11-21 09:45:00,3,ER1,HPW209|2025-11-21|C1__init
W2_A0450,HPW206,2025-11-21,2025-11-21,HPW206|2025-11-21|C1,2025-11-21 09:15:00,2025-11-21 09:45:00,2,ER14,HPW206|2025-11-21|C1__init
W2_A0451,HPW206,2025-11-21,2025-11-21,HPW206|2025-11-21|C4,2025-11-21 09:15:00,2025-11-21 09:45:00,2,ER6,HPW206|2025-11-21|C4__init
W2_A0453,HPW207,2025-11-21,2025-11-21,HPW207|2025-11-21|C1,2025-11-21 09:30:00,2025-11-21 10:00:00,2,ER4,HPW207|2025-11-21|C1__cg_3
W2_A0484,HPW215,2025-11-21,2025-11-21,HPW215|2025-11-21|C1,2025-11-21 09:30:00,2025-11-21 09:45:00,1,ER15,HPW215|2025-11-21|C1__init
W2_A0491,HPW218,2025-11-21,2025-11-21,HPW218|2025-11-21|C1,2025-11-21 09:30:00,2025-11-21 10:00:00,2,ER3,HPW218|2025-11-21|C1__init
W2_A0422,HPW201,2025-11-21,2025-11-21,HPW201|2025-11-21|C1,2025-11-21 09:45:00,2025-11-21 10:00:00,1,ER5,HPW201|2025-11-21|C1__init
W2_A0460,HPW209,2025-11-21,2025-11-21,HPW209|2025-11-21|C1,2025-11-21 09:45:00,2025-11-21 10:45:00,4,ER1,HPW209|2025-11-21|C1__init
W2_A0478,HPW214,2025-11-21,2025-11-21,HPW214|2025-11-21|C1,2025-11-21 09:45:00,2025-11-21 10:00:00,1,ER10,HPW214|2025-11-21|C1__init
W2_A0482,HPW215,2025-11-21,2025-11-21,HPW215|2025-11-21|C1,2025-11-21 09:45:00,2025-11-21 10:15:00,2,ER15,HPW215|2025-11-21|C1__init
W2_A0429,HPW201,2025-11-21,2025-11-21,HPW201|2025-11-21|C1,2025-11-21 10:00:00,2025-11-21 10:15:00,1,ER5,HPW201|2025-11-21|C1__init
W2_A0434,HPW203,2025-11-21,2025-11-21,HPW203|2025-11-21|C1,2025-11-21 10:00:00,2025-11-21 11:00:00,4,ER12,HPW203|2025-11-21|C1__init
W2_A0455,HPW207,2025-11-21,2025-11-21,HPW207|2025-11-21|C1,2025-11-21 10:00:00,2025-11-21 10:30:00,2,ER4,HPW207|2025-11-21|C1__cg_3
W2_A0458,HPW208,2025-11-21,2025-11-21,HPW208|2025-11-21|C1,2025-11-21 10:00:00,2025-11-21 10:15:00,1,ER13,HPW208|2025-11-21|C1__init
W2_A0492,HPW220,2025-11-21,2025-11-21,HPW220|2025-11-21|C1,2025-11-21 10:00:00,2025-11-21 10:30:00,2,ER6,HPW220|2025-11-21|C1__init
W2_A0421,HPW201,2025-11-21,2025-11-21,HPW201|2025-11-21|C1,2025-11-21 10:15:00,2025-11-21 10:30:00,1,ER5,HPW201|2025-11-21|C1__init
W2_A0443,HPW206,2025-11-21,2025-11-21,HPW206|2025-11-21|C1,2025-11-21 10:15:00,2025-11-21 10:30:00,1,ER14,HPW206|2025-11-21|C1__init
W2_A0457,HPW208,2025-11-21,2025-11-21,HPW208|2025-11-21|C1,2025-11-21 10:15:00,2025-11-21 10:30:00,1,ER13,HPW208|2025-11-21|C1__init
W2_A0485,HPW215,2025-11-21,2025-11-21,HPW215|2025-11-21|C1,2025-11-21 10:15:00,2025-11-21 10:45:00,2,ER15,HPW215|2025-11-21|C1__init
W2_A0440,HPW206,2025-11-21,2025-11-21,HPW206|2025-11-21|C1,2025-11-21 10:30:00,2025-11-21 10:45:00,1,ER14,HPW206|2025-11-21|C1__init
W2_A0454,HPW207,2025-11-21,2025-11-21,HPW207|2025-11-21|C1,2025-11-21 10:30:00,2025-11-21 11:00:00,2,ER4,HPW207|2025-11-21|C1__cg_3
W2_A0459,HPW209,2025-11-21,2025-11-21,HPW209|2025-11-21|C2,2025-11-21 10:30:00,2025-11-21 11:00:00,2,ER2,HPW209|2025-11-21|C2__init
W2_A0441,HPW206,2025-11-21,2025-11-21,HPW206|2025-11-21|C1,2025-11-21 10:45:00,2025-11-21 11:00:00,1,ER14,HPW206|2025-11-21|C1__init
W2_A0444,HPW206,2025-11-21,2025-11-21,HPW206|2025-11-21|C2,2025-11-21 10:45:00,2025-11-21 11:00:00,1,ER7,HPW206|2025-11-21|C2__init
W2_A0483,HPW215,2025-11-21,2025-11-21,HPW215|2025-11-21|C1,2025-11-21 10:45:00,2025-11-21 11:00:00,1,ER15,HPW215|2025-11-21|C1__init
W2_A0442,HPW206,2025-11-21,2025-11-21,HPW206|2025-11-21|C1,2025-11-21 11:00:00,2025-11-21 11:15:00,1,ER14,HPW206|2025-11-21|C1__init
W2_A0446,HPW206,2025-11-21,2025-11-21,HPW206|2025-11-21|C2,2025-11-21 11:00:00,2025-11-21 11:15:00,1,ER7,HPW206|2025-11-21|C2__init
W2_A0456,HPW207,2025-11-21,2025-11-21,HPW207|2025-11-21|C1,2025-11-21 11:00:00,2025-11-21 11:30:00,2,ER4,HPW207|2025-11-21|C1__cg_3
W2_A0461,HPW209,2025-11-21,2025-11-21,HPW209|2025-11-21|C1,2025-11-21 11:00:00,2025-11-21 11:15:00,1,ER1,HPW209|2025-11-21|C1__init
W2_A0466,HPW209,2025-11-21,2025-11-21,HPW209|2025-11-21|C2,2025-11-21 11:00:00,2025-11-21 11:30:00,2,ER2,HPW209|2025-11-21|C2__init
W2_A0445,HPW206,2025-11-21,2025-11-21,HPW206|2025-11-21|C1,2025-11-21 11:15:00,2025-11-21 11:30:00,1,ER14,HPW206|2025-11-21|C1__init
W2_A0480,HPW214,2025-11-21,2025-11-21,HPW214|2025-11-21|C1,2025-11-21 11:15:00,2025-11-21 11:30:00,1,ER10,HPW214|2025-11-21|C1__init
W2_A0420,HPW201,2025-11-21,2025-11-21,HPW201|2025-11-21|C1,2025-11-21 13:00:00,2025-11-21 13:15:00,1,ER5,HPW201|2025-11-21|C1__init
W2_A0427,HPW201,2025-11-21,2025-11-21,HPW201|2025-11-21|C2,2025-11-21 13:00:00,2025-11-21 13:45:00,3,ER8,HPW201|2025-11-21|C2__cg_23
W2_A0433,HPW203,2025-11-21,2025-11-21,HPW203|2025-11-21|C1,2025-11-21 13:00:00,2025-11-21 14:00:00,4,ER12,HPW203|2025-11-21|C1__init
W2_A0436,HPW203,2025-11-21,2025-11-21,HPW203|2025-11-21|C2,2025-11-21 13:00:00,2025-11-21 13:15:00,1,ER4,HPW203|2025-11-21|C2__init
W2_A0439,HPW205,2025-11-21,2025-11-21,HPW205|2025-11-21|C1,2025-11-21 13:00:00,2025-11-21 13:30:00,2,ER11,HPW205|2025-11-21|C1__init
W2_A0486,HPW217,2025-11-21,2025-11-21,HPW217|2025-11-21|C1,2025-11-21 13:00:00,2025-11-21 13:15:00,1,ER13,HPW217|2025-11-21|C1__init
W2_A0487,HPW218,2025-11-21,2025-11-21,HPW218|2025-11-21|C1,2025-11-21 13:00:00,2025-11-21 13:30:00,2,ER3,HPW218|2025-11-21|C1__init
W2_A0494,HPW221,2025-11-21,2025-11-21,HPW221|2025-11-21|C1,2025-11-21 13:00:00,2025-11-21 13:15:00,1,ER15,HPW221|2025-11-21|C1__init
W2_A0498,HPW222,2025-11-21,2025-11-21,HPW222|2025-11-21|C1,2025-11-21 13:00:00,2025-11-21 13:30:00,2,ER2,HPW222|2025-11-21|C1__init
W2_A0428,HPW201,2025-11-21,2025-11-21,HPW201|2025-11-21|C1,2025-11-21 13:15:00,2025-11-21 13:30:00,1,ER5,HPW201|2025-11-21|C1__init
W2_A0489,HPW218,2025-11-21,2025-11-21,HPW218|2025-11-21|C2,2025-11-21 13:15:00,2025-11-21 13:30:00,1,ER9,HPW218|2025-11-21|C2__init
W2_A0490,HPW218,2025-11-21,2025-11-21,HPW218|2025-11-21|C3,2025-11-21 13:15:00,2025-11-21 13:30:00,1,ER14,HPW218|2025-11-21|C3__init
W2_A0496,HPW222,2025-11-21,2025-11-21,HPW222|2025-11-21|C1,2025-11-21 13:30:00,2025-11-21 13:45:00,1,ER3,HPW222|2025-11-21|C1__init
W2_A0430,HPW201,2025-11-21,2025-11-21,HPW201|2025-11-21|C2,2025-11-21 13:45:00,2025-11-21 14:00:00,1,ER8,HPW201|2025-11-21|C2__cg_23
W2_A0438,HPW203,2025-11-21,2025-11-21,HPW203|2025-11-21|C2,2025-11-21 13:45:00,2025-11-21 14:00:00,1,ER4,HPW203|2025-11-21|C2__init
W2_A0497,HPW222,2025-11-21,2025-11-21,HPW222|2025-11-21|C1,2025-11-21 13:45:00,2025-11-21 14:15:00,2,ER3,HPW222|2025-11-21|C1__init
W2_A0423,HPW201,2025-11-21,2025-11-21,HPW201|2025-11-21|C2,2025-11-21 14:00:00,2025-11-21 14:15:00,1,ER8,HPW201|2025-11-21|C2__cg_23
W2_A0435,HPW203,2025-11-21,2025-11-21,HPW203|2025-11-21|C1,2025-11-21 14:00:00,2025-11-21 14:15:00,1,ER12,HPW203|2025-11-21|C1__init
W2_A0452,HPW207,2025-11-21,2025-11-21,HPW207|2025-11-21|C1,2025-11-21 14:00:00,2025-11-21 14:30:00,2,ER4,HPW207|2025-11-21|C1__cg_3
W2_A0468,HPW209,2025-11-21,2025-11-21,HPW209|2025-11-21|C1,2025-11-21 14:00:00,2025-11-21 14:30:00,2,ER1,HPW209|2025-11-21|C1__init
W2_A0474,HPW212,2025-11-21,2025-11-21,HPW212|2025-11-21|C1,2025-11-21 14:00:00,2025-11-21 14:30:00,2,ER16,HPW212|2025-11-21|C1__init
W2_A0479,HPW214,2025-11-21,2025-11-21,HPW214|2025-11-21|C1,2025-11-21 14:00:00,2025-11-21 14:15:00,1,ER10,HPW214|2025-11-21|C1__init
W2_A0493,HPW220,2025-11-21,2025-11-21,HPW220|2025-11-21|C1,2025-11-21 14:00:00,2025-11-21 14:30:00,2,ER6,HPW220|2025-11-21|C1__init
W2_A0425,HPW201,2025-11-21,2025-11-21,HPW201|2025-11-21|C2,2025-11-21 14:15:00,2025-11-21 14:30:00,1,ER8,HPW201|2025-11-21|C2__cg_23
W2_A0431,HPW203,2025-11-21,2025-11-21,HPW203|2025-11-21|C1,2025-11-21 14:15:00,2025-11-21 14:30:00,1,ER12,HPW203|2025-11-21|C1__init
W2_A0472,HPW212,2025-11-21,2025-11-21,HPW212|2025-11-21|C2,2025-11-21 14:15:00,2025-11-21 14:30:00,1,ER11,HPW212|2025-11-21|C2__init
W2_A0473,HPW212,2025-11-21,2025-11-21,HPW212|2025-11-21|C3,2025-11-21 14:15:00,2025-11-21 14:30:00,1,ER7,HPW212|2025-11-21|C3__init
W2_A0475,HPW212,2025-11-21,2025-11-21,HPW212|2025-11-21|C4,2025-11-21 14:15:00,2025-11-21 14:30:00,1,ER5,HPW212|2025-11-21|C4__init
W2_A0499,HPW222,2025-11-21,2025-11-21,HPW222|2025-11-21|C1,2025-11-21 14:15:00,2025-11-21 14:45:00,2,ER3,HPW222|2025-11-21|C1__init
W2_A0432,HPW203,2025-11-21,2025-11-21,HPW203|2025-11-21|C1,2025-11-21 14:30:00,2025-11-21 15:00:00,2,ER12,HPW203|2025-11-21|C1__init
W2_A0467,HPW209,2025-11-21,2025-11-21,HPW209|2025-11-21|C1,2025-11-21 14:30:00,2025-11-21 15:00:00,2,ER1,HPW209|2025-11-21|C1__init
W2_A0476,HPW212,2025-11-21,2025-11-21,HPW212|2025-11-21|C1,2025-11-21 14:30:00,2025-11-21 14:45:00,1,ER16,HPW212|2025-11-21|C1__init
W2_A0477,HPW212,2025-11-21,2025-11-21,HPW212|2025-11-21|C2,2025-11-21 14:30:00,2025-11-21 14:45:00,1,ER11,HPW212|2025-11-21|C2__init
W2_A0488,HPW218,2025-11-21,2025-11-21,HPW218|2025-11-21|C1,2025-11-21 14:30:00,2025-11-21 14:45:00,1,ER8,HPW218|2025-11-21|C1__init
W2_A0471,HPW212,2025-11-21,2025-11-21,HPW212|2025-11-21|C1,2025-11-21 14:45:00,2025-11-21 15:00:00,1,ER16,HPW212|2025-11-21|C1__init
W2_A0495,HPW222,2025-11-21,2025-11-21,HPW222|2025-11-21|C1,2025-11-21 14:45:00,2025-11-21 15:00:00,1,ER3,HPW222|2025-11-21|C1__init
